-- phpMyAdmin SQL Dump
-- version 5.1.1
-- https://www.phpmyadmin.net/
--
-- Host: localhost:3308
-- Generation Time: Dec 22, 2021 at 02:34 PM
-- Server version: 8.0.27
-- PHP Version: 7.4.26

SET SQL_MODE = "NO_AUTO_VALUE_ON_ZERO";
START TRANSACTION;
SET time_zone = "+00:00";


/*!40101 SET @OLD_CHARACTER_SET_CLIENT=@@CHARACTER_SET_CLIENT */;
/*!40101 SET @OLD_CHARACTER_SET_RESULTS=@@CHARACTER_SET_RESULTS */;
/*!40101 SET @OLD_COLLATION_CONNECTION=@@COLLATION_CONNECTION */;
/*!40101 SET NAMES utf8mb4 */;

--
-- Database: `bitnami_redmine`
--

-- --------------------------------------------------------

--
-- Table structure for table `ar_internal_metadata`
--

CREATE TABLE `ar_internal_metadata` (
  `key` varchar(255) COLLATE utf8mb4_unicode_ci NOT NULL,
  `value` varchar(255) COLLATE utf8mb4_unicode_ci DEFAULT NULL,
  `created_at` datetime NOT NULL,
  `updated_at` datetime NOT NULL
) ENGINE=InnoDB DEFAULT CHARSET=utf8mb4 COLLATE=utf8mb4_unicode_ci;

--
-- Dumping data for table `ar_internal_metadata`
--

INSERT INTO `ar_internal_metadata` (`key`, `value`, `created_at`, `updated_at`) VALUES
('environment', 'production', '2021-12-15 10:29:24', '2021-12-15 10:29:24');

-- --------------------------------------------------------

--
-- Table structure for table `attachments`
--

CREATE TABLE `attachments` (
  `id` int NOT NULL,
  `container_id` int DEFAULT NULL,
  `container_type` varchar(30) COLLATE utf8mb4_unicode_ci DEFAULT NULL,
  `filename` varchar(255) COLLATE utf8mb4_unicode_ci NOT NULL DEFAULT '',
  `disk_filename` varchar(255) COLLATE utf8mb4_unicode_ci NOT NULL DEFAULT '',
  `filesize` bigint NOT NULL DEFAULT '0',
  `content_type` varchar(255) COLLATE utf8mb4_unicode_ci DEFAULT '',
  `digest` varchar(64) COLLATE utf8mb4_unicode_ci NOT NULL DEFAULT '',
  `downloads` int NOT NULL DEFAULT '0',
  `author_id` int NOT NULL DEFAULT '0',
  `created_on` timestamp NULL DEFAULT NULL,
  `description` varchar(255) COLLATE utf8mb4_unicode_ci DEFAULT NULL,
  `disk_directory` varchar(255) COLLATE utf8mb4_unicode_ci DEFAULT NULL
) ENGINE=InnoDB DEFAULT CHARSET=utf8mb4 COLLATE=utf8mb4_unicode_ci;

--
-- Dumping data for table `attachments`
--

INSERT INTO `attachments` (`id`, `container_id`, `container_type`, `filename`, `disk_filename`, `filesize`, `content_type`, `digest`, `downloads`, `author_id`, `created_on`, `description`, `disk_directory`) VALUES
(3, NULL, NULL, 'clipboard-202112212347-8nmhf.png', '211221234747_clipboard-202112212347-8nmhf.png', 566175, 'image/png', '279949b5696f062097646eb42599a416086bacf309507417c1db9059ed8879a7', 0, 6, '2021-12-21 16:47:47', NULL, '2021/12'),
(4, NULL, NULL, 'clipboard-202112212357-he78e.png', '211221234747_clipboard-202112212347-8nmhf.png', 566175, 'image/png', '279949b5696f062097646eb42599a416086bacf309507417c1db9059ed8879a7', 0, 10, '2021-12-21 16:57:30', NULL, '2021/12'),
(5, 1, 'Issue', 'clipboard-202112220000-emmvg.png', '211221234747_clipboard-202112212347-8nmhf.png', 566175, 'image/png', '279949b5696f062097646eb42599a416086bacf309507417c1db9059ed8879a7', 0, 6, '2021-12-21 17:00:59', '', '2021/12'),
(6, 2, 'Issue', 'clipboard-202112221409-wpdm4.png', '211222140958_clipboard-202112221409-wpdm4.png', 17021, 'image/png', '48ce685a52a88ccde3955b29b537327c06f8d77c68f4a49d94fd2c6207b6151f', 0, 1, '2021-12-22 07:09:58', '', '2021/12'),
(7, 3, 'Issue', 'clipboard-202112221459-yqkgs.png', '211222145915_clipboard-202112221459-yqkgs.png', 4137, 'image/png', '6b36f29c3a05bb951a0243874d758fb97648d2d970b600a1de68061247c280fb', 0, 1, '2021-12-22 07:59:15', '', '2021/12'),
(8, 3, 'Issue', 'clipboard-202112221500-c4tqs.png', '211222150006_clipboard-202112221500-c4tqs.png', 101541, 'image/png', '7cef9b95c2c5c39b65677b9be9d1db95d3e603cd477eb38a3bac4116a96e938d', 0, 1, '2021-12-22 08:00:06', '', '2021/12');

-- --------------------------------------------------------

--
-- Table structure for table `auth_sources`
--

CREATE TABLE `auth_sources` (
  `id` int NOT NULL,
  `type` varchar(30) COLLATE utf8mb4_unicode_ci NOT NULL DEFAULT '',
  `name` varchar(60) COLLATE utf8mb4_unicode_ci NOT NULL DEFAULT '',
  `host` varchar(60) COLLATE utf8mb4_unicode_ci DEFAULT NULL,
  `port` int DEFAULT NULL,
  `account` varchar(255) COLLATE utf8mb4_unicode_ci DEFAULT NULL,
  `account_password` varchar(255) COLLATE utf8mb4_unicode_ci DEFAULT '',
  `base_dn` varchar(255) COLLATE utf8mb4_unicode_ci DEFAULT NULL,
  `attr_login` varchar(30) COLLATE utf8mb4_unicode_ci DEFAULT NULL,
  `attr_firstname` varchar(30) COLLATE utf8mb4_unicode_ci DEFAULT NULL,
  `attr_lastname` varchar(30) COLLATE utf8mb4_unicode_ci DEFAULT NULL,
  `attr_mail` varchar(30) COLLATE utf8mb4_unicode_ci DEFAULT NULL,
  `onthefly_register` tinyint(1) NOT NULL DEFAULT '0',
  `tls` tinyint(1) NOT NULL DEFAULT '0',
  `filter` text COLLATE utf8mb4_unicode_ci,
  `timeout` int DEFAULT NULL,
  `verify_peer` tinyint(1) NOT NULL DEFAULT '1'
) ENGINE=InnoDB DEFAULT CHARSET=utf8mb4 COLLATE=utf8mb4_unicode_ci;

-- --------------------------------------------------------

--
-- Table structure for table `boards`
--

CREATE TABLE `boards` (
  `id` int NOT NULL,
  `project_id` int NOT NULL,
  `name` varchar(255) COLLATE utf8mb4_unicode_ci NOT NULL DEFAULT '',
  `description` varchar(255) COLLATE utf8mb4_unicode_ci DEFAULT NULL,
  `position` int DEFAULT NULL,
  `topics_count` int NOT NULL DEFAULT '0',
  `messages_count` int NOT NULL DEFAULT '0',
  `last_message_id` int DEFAULT NULL,
  `parent_id` int DEFAULT NULL
) ENGINE=InnoDB DEFAULT CHARSET=utf8mb4 COLLATE=utf8mb4_unicode_ci;

-- --------------------------------------------------------

--
-- Table structure for table `changes`
--

CREATE TABLE `changes` (
  `id` int NOT NULL,
  `changeset_id` int NOT NULL,
  `action` varchar(1) COLLATE utf8mb4_unicode_ci NOT NULL DEFAULT '',
  `path` text COLLATE utf8mb4_unicode_ci NOT NULL,
  `from_path` text COLLATE utf8mb4_unicode_ci,
  `from_revision` varchar(255) COLLATE utf8mb4_unicode_ci DEFAULT NULL,
  `revision` varchar(255) COLLATE utf8mb4_unicode_ci DEFAULT NULL,
  `branch` varchar(255) COLLATE utf8mb4_unicode_ci DEFAULT NULL
) ENGINE=InnoDB DEFAULT CHARSET=utf8mb4 COLLATE=utf8mb4_unicode_ci;

-- --------------------------------------------------------

--
-- Table structure for table `changesets`
--

CREATE TABLE `changesets` (
  `id` int NOT NULL,
  `repository_id` int NOT NULL,
  `revision` varchar(255) COLLATE utf8mb4_unicode_ci NOT NULL,
  `committer` varchar(255) COLLATE utf8mb4_unicode_ci DEFAULT NULL,
  `committed_on` datetime NOT NULL,
  `comments` longtext COLLATE utf8mb4_unicode_ci,
  `commit_date` date DEFAULT NULL,
  `scmid` varchar(255) COLLATE utf8mb4_unicode_ci DEFAULT NULL,
  `user_id` int DEFAULT NULL
) ENGINE=InnoDB DEFAULT CHARSET=utf8mb4 COLLATE=utf8mb4_unicode_ci;

-- --------------------------------------------------------

--
-- Table structure for table `changesets_issues`
--

CREATE TABLE `changesets_issues` (
  `changeset_id` int NOT NULL,
  `issue_id` int NOT NULL
) ENGINE=InnoDB DEFAULT CHARSET=utf8mb4 COLLATE=utf8mb4_unicode_ci;

-- --------------------------------------------------------

--
-- Table structure for table `changeset_parents`
--

CREATE TABLE `changeset_parents` (
  `changeset_id` int NOT NULL,
  `parent_id` int NOT NULL
) ENGINE=InnoDB DEFAULT CHARSET=utf8mb4 COLLATE=utf8mb4_unicode_ci;

-- --------------------------------------------------------

--
-- Table structure for table `comments`
--

CREATE TABLE `comments` (
  `id` int NOT NULL,
  `commented_type` varchar(30) COLLATE utf8mb4_unicode_ci NOT NULL DEFAULT '',
  `commented_id` int NOT NULL DEFAULT '0',
  `author_id` int NOT NULL DEFAULT '0',
  `content` text COLLATE utf8mb4_unicode_ci,
  `created_on` datetime NOT NULL,
  `updated_on` datetime NOT NULL
) ENGINE=InnoDB DEFAULT CHARSET=utf8mb4 COLLATE=utf8mb4_unicode_ci;

-- --------------------------------------------------------

--
-- Table structure for table `custom_fields`
--

CREATE TABLE `custom_fields` (
  `id` int NOT NULL,
  `type` varchar(30) COLLATE utf8mb4_unicode_ci NOT NULL DEFAULT '',
  `name` varchar(30) COLLATE utf8mb4_unicode_ci NOT NULL DEFAULT '',
  `field_format` varchar(30) COLLATE utf8mb4_unicode_ci NOT NULL DEFAULT '',
  `possible_values` text COLLATE utf8mb4_unicode_ci,
  `regexp` varchar(255) COLLATE utf8mb4_unicode_ci DEFAULT '',
  `min_length` int DEFAULT NULL,
  `max_length` int DEFAULT NULL,
  `is_required` tinyint(1) NOT NULL DEFAULT '0',
  `is_for_all` tinyint(1) NOT NULL DEFAULT '0',
  `is_filter` tinyint(1) NOT NULL DEFAULT '0',
  `position` int DEFAULT NULL,
  `searchable` tinyint(1) DEFAULT '0',
  `default_value` text COLLATE utf8mb4_unicode_ci,
  `editable` tinyint(1) DEFAULT '1',
  `visible` tinyint(1) NOT NULL DEFAULT '1',
  `multiple` tinyint(1) DEFAULT '0',
  `format_store` text COLLATE utf8mb4_unicode_ci,
  `description` text COLLATE utf8mb4_unicode_ci
) ENGINE=InnoDB DEFAULT CHARSET=utf8mb4 COLLATE=utf8mb4_unicode_ci;

-- --------------------------------------------------------

--
-- Table structure for table `custom_fields_projects`
--

CREATE TABLE `custom_fields_projects` (
  `custom_field_id` int NOT NULL DEFAULT '0',
  `project_id` int NOT NULL DEFAULT '0'
) ENGINE=InnoDB DEFAULT CHARSET=utf8mb4 COLLATE=utf8mb4_unicode_ci;

-- --------------------------------------------------------

--
-- Table structure for table `custom_fields_roles`
--

CREATE TABLE `custom_fields_roles` (
  `custom_field_id` int NOT NULL,
  `role_id` int NOT NULL
) ENGINE=InnoDB DEFAULT CHARSET=utf8mb4 COLLATE=utf8mb4_unicode_ci;

-- --------------------------------------------------------

--
-- Table structure for table `custom_fields_trackers`
--

CREATE TABLE `custom_fields_trackers` (
  `custom_field_id` int NOT NULL DEFAULT '0',
  `tracker_id` int NOT NULL DEFAULT '0'
) ENGINE=InnoDB DEFAULT CHARSET=utf8mb4 COLLATE=utf8mb4_unicode_ci;

-- --------------------------------------------------------

--
-- Table structure for table `custom_field_enumerations`
--

CREATE TABLE `custom_field_enumerations` (
  `id` int NOT NULL,
  `custom_field_id` int NOT NULL,
  `name` varchar(255) COLLATE utf8mb4_unicode_ci NOT NULL,
  `active` tinyint(1) NOT NULL DEFAULT '1',
  `position` int NOT NULL DEFAULT '1'
) ENGINE=InnoDB DEFAULT CHARSET=utf8mb4 COLLATE=utf8mb4_unicode_ci;

-- --------------------------------------------------------

--
-- Table structure for table `custom_values`
--

CREATE TABLE `custom_values` (
  `id` int NOT NULL,
  `customized_type` varchar(30) COLLATE utf8mb4_unicode_ci NOT NULL DEFAULT '',
  `customized_id` int NOT NULL DEFAULT '0',
  `custom_field_id` int NOT NULL DEFAULT '0',
  `value` longtext COLLATE utf8mb4_unicode_ci
) ENGINE=InnoDB DEFAULT CHARSET=utf8mb4 COLLATE=utf8mb4_unicode_ci;

-- --------------------------------------------------------

--
-- Table structure for table `documents`
--

CREATE TABLE `documents` (
  `id` int NOT NULL,
  `project_id` int NOT NULL DEFAULT '0',
  `category_id` int NOT NULL DEFAULT '0',
  `title` varchar(255) COLLATE utf8mb4_unicode_ci NOT NULL DEFAULT '',
  `description` text COLLATE utf8mb4_unicode_ci,
  `created_on` timestamp NULL DEFAULT NULL
) ENGINE=InnoDB DEFAULT CHARSET=utf8mb4 COLLATE=utf8mb4_unicode_ci;

-- --------------------------------------------------------

--
-- Table structure for table `email_addresses`
--

CREATE TABLE `email_addresses` (
  `id` int NOT NULL,
  `user_id` int NOT NULL,
  `address` varchar(255) COLLATE utf8mb4_unicode_ci NOT NULL,
  `is_default` tinyint(1) NOT NULL DEFAULT '0',
  `notify` tinyint(1) NOT NULL DEFAULT '1',
  `created_on` datetime NOT NULL,
  `updated_on` datetime NOT NULL
) ENGINE=InnoDB DEFAULT CHARSET=utf8mb4 COLLATE=utf8mb4_unicode_ci;

--
-- Dumping data for table `email_addresses`
--

INSERT INTO `email_addresses` (`id`, `user_id`, `address`, `is_default`, `notify`, `created_on`, `updated_on`) VALUES
(1, 1, 'phongphu@gmail.com', 1, 1, '2021-12-15 10:29:23', '2021-12-15 10:29:23'),
(2, 5, 'DH51805350@student.stu.edu.vn', 1, 1, '2021-12-20 13:19:43', '2021-12-20 13:21:30'),
(3, 6, 'DH51805129@student.stu.edu.vn', 1, 1, '2021-12-20 13:22:38', '2021-12-20 13:22:38'),
(4, 9, 'user1@gmail.com', 1, 1, '2021-12-21 23:51:08', '2021-12-21 23:51:08'),
(5, 10, 'nguoidung@gmail.com', 1, 1, '2021-12-21 23:55:00', '2021-12-21 23:55:00');

-- --------------------------------------------------------

--
-- Table structure for table `enabled_modules`
--

CREATE TABLE `enabled_modules` (
  `id` int NOT NULL,
  `project_id` int DEFAULT NULL,
  `name` varchar(255) COLLATE utf8mb4_unicode_ci NOT NULL
) ENGINE=InnoDB DEFAULT CHARSET=utf8mb4 COLLATE=utf8mb4_unicode_ci;

--
-- Dumping data for table `enabled_modules`
--

INSERT INTO `enabled_modules` (`id`, `project_id`, `name`) VALUES
(1, 1, 'issue_tracking'),
(2, 1, 'time_tracking'),
(3, 1, 'news'),
(4, 1, 'documents'),
(5, 1, 'files'),
(6, 1, 'wiki'),
(7, 1, 'repository'),
(8, 1, 'boards'),
(9, 1, 'calendar'),
(10, 1, 'gantt'),
(11, 2, 'issue_tracking'),
(12, 2, 'time_tracking'),
(13, 2, 'news'),
(14, 2, 'documents'),
(15, 2, 'files'),
(16, 2, 'wiki'),
(17, 2, 'repository'),
(18, 2, 'boards'),
(19, 2, 'calendar'),
(20, 2, 'gantt'),
(21, 3, 'issue_tracking'),
(22, 3, 'time_tracking'),
(23, 3, 'news'),
(24, 3, 'documents'),
(25, 3, 'files'),
(26, 3, 'wiki'),
(27, 3, 'repository'),
(28, 3, 'boards'),
(29, 3, 'calendar'),
(30, 3, 'gantt');

-- --------------------------------------------------------

--
-- Table structure for table `enumerations`
--

CREATE TABLE `enumerations` (
  `id` int NOT NULL,
  `name` varchar(30) COLLATE utf8mb4_unicode_ci NOT NULL DEFAULT '',
  `position` int DEFAULT NULL,
  `is_default` tinyint(1) NOT NULL DEFAULT '0',
  `type` varchar(255) COLLATE utf8mb4_unicode_ci DEFAULT NULL,
  `active` tinyint(1) NOT NULL DEFAULT '1',
  `project_id` int DEFAULT NULL,
  `parent_id` int DEFAULT NULL,
  `position_name` varchar(30) COLLATE utf8mb4_unicode_ci DEFAULT NULL
) ENGINE=InnoDB DEFAULT CHARSET=utf8mb4 COLLATE=utf8mb4_unicode_ci;

--
-- Dumping data for table `enumerations`
--

INSERT INTO `enumerations` (`id`, `name`, `position`, `is_default`, `type`, `active`, `project_id`, `parent_id`, `position_name`) VALUES
(1, 'Low', 1, 0, 'IssuePriority', 1, NULL, NULL, 'lowest'),
(2, 'Normal', 2, 1, 'IssuePriority', 1, NULL, NULL, 'default'),
(3, 'High', 3, 0, 'IssuePriority', 1, NULL, NULL, 'high3'),
(4, 'Urgent', 4, 0, 'IssuePriority', 1, NULL, NULL, 'high2'),
(5, 'Immediate', 5, 0, 'IssuePriority', 1, NULL, NULL, 'highest'),
(6, 'User documentation', 1, 0, 'DocumentCategory', 1, NULL, NULL, NULL),
(7, 'Technical documentation', 2, 0, 'DocumentCategory', 1, NULL, NULL, NULL),
(8, 'Design', 1, 0, 'TimeEntryActivity', 1, NULL, NULL, NULL),
(9, 'Development', 2, 0, 'TimeEntryActivity', 1, NULL, NULL, NULL);

-- --------------------------------------------------------

--
-- Table structure for table `groups_users`
--

CREATE TABLE `groups_users` (
  `group_id` int NOT NULL,
  `user_id` int NOT NULL
) ENGINE=InnoDB DEFAULT CHARSET=utf8mb4 COLLATE=utf8mb4_unicode_ci;

-- --------------------------------------------------------

--
-- Table structure for table `imports`
--

CREATE TABLE `imports` (
  `id` int NOT NULL,
  `type` varchar(255) COLLATE utf8mb4_unicode_ci DEFAULT NULL,
  `user_id` int NOT NULL,
  `filename` varchar(255) COLLATE utf8mb4_unicode_ci DEFAULT NULL,
  `settings` text COLLATE utf8mb4_unicode_ci,
  `total_items` int DEFAULT NULL,
  `finished` tinyint(1) NOT NULL DEFAULT '0',
  `created_at` datetime NOT NULL,
  `updated_at` datetime NOT NULL
) ENGINE=InnoDB DEFAULT CHARSET=utf8mb4 COLLATE=utf8mb4_unicode_ci;

-- --------------------------------------------------------

--
-- Table structure for table `import_items`
--

CREATE TABLE `import_items` (
  `id` int NOT NULL,
  `import_id` int NOT NULL,
  `position` int NOT NULL,
  `obj_id` int DEFAULT NULL,
  `message` text COLLATE utf8mb4_unicode_ci,
  `unique_id` varchar(255) COLLATE utf8mb4_unicode_ci DEFAULT NULL
) ENGINE=InnoDB DEFAULT CHARSET=utf8mb4 COLLATE=utf8mb4_unicode_ci;

-- --------------------------------------------------------

--
-- Table structure for table `issues`
--

CREATE TABLE `issues` (
  `id` int NOT NULL,
  `tracker_id` int NOT NULL,
  `project_id` int NOT NULL,
  `subject` varchar(255) COLLATE utf8mb4_unicode_ci NOT NULL DEFAULT '',
  `description` longtext COLLATE utf8mb4_unicode_ci,
  `due_date` date DEFAULT NULL,
  `category_id` int DEFAULT NULL,
  `status_id` int NOT NULL,
  `assigned_to_id` int DEFAULT NULL,
  `priority_id` int NOT NULL,
  `fixed_version_id` int DEFAULT NULL,
  `author_id` int NOT NULL,
  `lock_version` int NOT NULL DEFAULT '0',
  `created_on` timestamp NULL DEFAULT NULL,
  `updated_on` timestamp NULL DEFAULT NULL,
  `start_date` date DEFAULT NULL,
  `done_ratio` int NOT NULL DEFAULT '0',
  `estimated_hours` float DEFAULT NULL,
  `parent_id` int DEFAULT NULL,
  `root_id` int DEFAULT NULL,
  `lft` int DEFAULT NULL,
  `rgt` int DEFAULT NULL,
  `is_private` tinyint(1) NOT NULL DEFAULT '0',
  `closed_on` datetime DEFAULT NULL
) ENGINE=InnoDB DEFAULT CHARSET=utf8mb4 COLLATE=utf8mb4_unicode_ci;

--
-- Dumping data for table `issues`
--

INSERT INTO `issues` (`id`, `tracker_id`, `project_id`, `subject`, `description`, `due_date`, `category_id`, `status_id`, `assigned_to_id`, `priority_id`, `fixed_version_id`, `author_id`, `lock_version`, `created_on`, `updated_on`, `start_date`, `done_ratio`, `estimated_hours`, `parent_id`, `root_id`, `lft`, `rgt`, `is_private`, `closed_on`) VALUES
(1, 1, 3, 'Lỗi không thể thêm sản phẩm vào giỏ hàng của trang product_details.php', '!clipboard-202112220000-emmvg.png!\r\nNhấn chọn thêm vào giỏ hàng như hình nó chuyển qua trang cart.php nhưng không hiện sản phẩm đã thêm.', NULL, NULL, 5, 5, 2, 1, 6, 5, '2021-12-21 17:03:20', '2021-12-22 02:20:25', '2021-12-22', 100, NULL, NULL, 1, 1, 2, 0, '2021-12-22 09:20:25'),
(2, 1, 2, 'Lỗi khi đăng nhập', '- Đăng nhập tài khoản không tồn tại hoặc nhập sai tài khoản hệ thống chưa bắt lỗi\r\n!clipboard-202112221409-wpdm4.png!\r\n', NULL, NULL, 5, 6, 2, 2, 1, 3, '2021-12-22 07:10:35', '2021-12-22 07:55:18', '2021-12-22', 30, NULL, NULL, 2, 1, 2, 0, '2021-12-22 14:55:18'),
(3, 1, 3, 'Lỗi tìm kiếm', 'Kết quả sau khi nhấn tìm kiếm hiện ra các lỗi hệ thống\r\n!clipboard-202112221459-yqkgs.png!\r\n!clipboard-202112221500-c4tqs.png!\r\n', NULL, NULL, 7, NULL, 2, 3, 1, 1, '2021-12-22 08:00:43', '2021-12-22 08:03:03', '2021-12-22', 0, NULL, NULL, 3, 1, 2, 0, NULL);

-- --------------------------------------------------------

--
-- Table structure for table `issue_categories`
--

CREATE TABLE `issue_categories` (
  `id` int NOT NULL,
  `project_id` int NOT NULL DEFAULT '0',
  `name` varchar(60) COLLATE utf8mb4_unicode_ci NOT NULL DEFAULT '',
  `assigned_to_id` int DEFAULT NULL
) ENGINE=InnoDB DEFAULT CHARSET=utf8mb4 COLLATE=utf8mb4_unicode_ci;

-- --------------------------------------------------------

--
-- Table structure for table `issue_relations`
--

CREATE TABLE `issue_relations` (
  `id` int NOT NULL,
  `issue_from_id` int NOT NULL,
  `issue_to_id` int NOT NULL,
  `relation_type` varchar(255) COLLATE utf8mb4_unicode_ci NOT NULL DEFAULT '',
  `delay` int DEFAULT NULL
) ENGINE=InnoDB DEFAULT CHARSET=utf8mb4 COLLATE=utf8mb4_unicode_ci;

-- --------------------------------------------------------

--
-- Table structure for table `issue_statuses`
--

CREATE TABLE `issue_statuses` (
  `id` int NOT NULL,
  `name` varchar(30) COLLATE utf8mb4_unicode_ci NOT NULL DEFAULT '',
  `is_closed` tinyint(1) NOT NULL DEFAULT '0',
  `position` int DEFAULT NULL,
  `default_done_ratio` int DEFAULT NULL
) ENGINE=InnoDB DEFAULT CHARSET=utf8mb4 COLLATE=utf8mb4_unicode_ci;

--
-- Dumping data for table `issue_statuses`
--

INSERT INTO `issue_statuses` (`id`, `name`, `is_closed`, `position`, `default_done_ratio`) VALUES
(1, 'Mới', 0, 1, NULL),
(2, 'Xử lý', 0, 3, NULL),
(3, 'Giải quyết xong', 0, 4, NULL),
(4, 'Chờ xác nhận', 0, 5, NULL),
(5, 'Hoàn tất', 1, 6, NULL),
(6, 'Không giải quyết', 1, 7, NULL),
(7, 'Mở', 0, 2, NULL);

-- --------------------------------------------------------

--
-- Table structure for table `journals`
--

CREATE TABLE `journals` (
  `id` int NOT NULL,
  `journalized_id` int NOT NULL DEFAULT '0',
  `journalized_type` varchar(30) COLLATE utf8mb4_unicode_ci NOT NULL DEFAULT '',
  `user_id` int NOT NULL DEFAULT '0',
  `notes` longtext COLLATE utf8mb4_unicode_ci,
  `created_on` datetime NOT NULL,
  `private_notes` tinyint(1) NOT NULL DEFAULT '0'
) ENGINE=InnoDB DEFAULT CHARSET=utf8mb4 COLLATE=utf8mb4_unicode_ci;

--
-- Dumping data for table `journals`
--

INSERT INTO `journals` (`id`, `journalized_id`, `journalized_type`, `user_id`, `notes`, `created_on`, `private_notes`) VALUES
(1, 1, 'Issue', 1, NULL, '2021-12-22 00:11:53', 0),
(2, 1, 'Issue', 5, NULL, '2021-12-22 08:53:48', 0),
(3, 1, 'Issue', 5, NULL, '2021-12-22 09:19:48', 0),
(4, 1, 'Issue', 1, NULL, '2021-12-22 09:20:07', 0),
(5, 1, 'Issue', 1, NULL, '2021-12-22 09:20:25', 0),
(6, 2, 'Issue', 6, NULL, '2021-12-22 14:13:55', 0),
(7, 2, 'Issue', 6, NULL, '2021-12-22 14:14:44', 0),
(8, 2, 'Issue', 6, NULL, '2021-12-22 14:55:18', 0),
(9, 3, 'Issue', 1, NULL, '2021-12-22 15:03:03', 0);

-- --------------------------------------------------------

--
-- Table structure for table `journal_details`
--

CREATE TABLE `journal_details` (
  `id` int NOT NULL,
  `journal_id` int NOT NULL DEFAULT '0',
  `property` varchar(30) COLLATE utf8mb4_unicode_ci NOT NULL DEFAULT '',
  `prop_key` varchar(30) COLLATE utf8mb4_unicode_ci NOT NULL DEFAULT '',
  `old_value` longtext COLLATE utf8mb4_unicode_ci,
  `value` longtext COLLATE utf8mb4_unicode_ci
) ENGINE=InnoDB DEFAULT CHARSET=utf8mb4 COLLATE=utf8mb4_unicode_ci;

--
-- Dumping data for table `journal_details`
--

INSERT INTO `journal_details` (`id`, `journal_id`, `property`, `prop_key`, `old_value`, `value`) VALUES
(1, 1, 'attr', 'status_id', '1', '7'),
(2, 2, 'attr', 'done_ratio', '0', '20'),
(3, 3, 'attr', 'done_ratio', '20', '100'),
(4, 4, 'attr', 'status_id', '7', '2'),
(5, 5, 'attr', 'status_id', '2', '5'),
(6, 6, 'attr', 'status_id', '1', '2'),
(7, 7, 'attr', 'done_ratio', '0', '30'),
(8, 8, 'attr', 'status_id', '2', '5'),
(9, 9, 'attr', 'status_id', '1', '7');

-- --------------------------------------------------------

--
-- Table structure for table `members`
--

CREATE TABLE `members` (
  `id` int NOT NULL,
  `user_id` int NOT NULL DEFAULT '0',
  `project_id` int NOT NULL DEFAULT '0',
  `created_on` timestamp NULL DEFAULT NULL,
  `mail_notification` tinyint(1) NOT NULL DEFAULT '0'
) ENGINE=InnoDB DEFAULT CHARSET=utf8mb4 COLLATE=utf8mb4_unicode_ci;

--
-- Dumping data for table `members`
--

INSERT INTO `members` (`id`, `user_id`, `project_id`, `created_on`, `mail_notification`) VALUES
(1, 5, 1, '2021-12-20 06:57:06', 0),
(2, 6, 1, '2021-12-20 06:57:06', 0),
(3, 3, 1, '2021-12-20 06:57:20', 0),
(4, 2, 1, '2021-12-20 06:57:20', 0),
(5, 5, 2, '2021-12-20 07:05:23', 0),
(6, 6, 2, '2021-12-20 07:05:23', 0),
(7, 5, 3, '2021-12-20 07:17:36', 0),
(8, 1, 3, '2021-12-20 07:17:50', 0),
(9, 6, 3, '2021-12-20 07:17:59', 0),
(10, 3, 3, '2021-12-20 07:18:05', 0),
(11, 2, 3, '2021-12-20 07:18:05', 0),
(12, 1, 2, '2021-12-20 07:18:27', 0),
(14, 8, 1, '2021-12-20 07:37:43', 0),
(15, 8, 2, '2021-12-20 07:37:43', 0),
(16, 8, 3, '2021-12-20 07:37:43', 0);

-- --------------------------------------------------------

--
-- Table structure for table `member_roles`
--

CREATE TABLE `member_roles` (
  `id` int NOT NULL,
  `member_id` int NOT NULL,
  `role_id` int NOT NULL,
  `inherited_from` int DEFAULT NULL
) ENGINE=InnoDB DEFAULT CHARSET=utf8mb4 COLLATE=utf8mb4_unicode_ci;

--
-- Dumping data for table `member_roles`
--

INSERT INTO `member_roles` (`id`, `member_id`, `role_id`, `inherited_from`) VALUES
(1, 1, 4, NULL),
(2, 2, 4, NULL),
(3, 3, 5, NULL),
(4, 4, 5, NULL),
(5, 2, 5, NULL),
(6, 1, 5, NULL),
(7, 5, 4, NULL),
(8, 5, 5, NULL),
(10, 6, 5, NULL),
(11, 7, 5, NULL),
(12, 8, 3, NULL),
(13, 8, 5, NULL),
(14, 9, 4, NULL),
(15, 9, 5, NULL),
(16, 10, 5, NULL),
(17, 11, 5, NULL),
(18, 12, 3, NULL),
(19, 12, 5, NULL),
(21, 6, 4, NULL),
(22, 14, 5, NULL),
(23, 15, 5, NULL),
(24, 16, 5, NULL),
(25, 7, 4, NULL);

-- --------------------------------------------------------

--
-- Table structure for table `messages`
--

CREATE TABLE `messages` (
  `id` int NOT NULL,
  `board_id` int NOT NULL,
  `parent_id` int DEFAULT NULL,
  `subject` varchar(255) COLLATE utf8mb4_unicode_ci NOT NULL DEFAULT '',
  `content` text COLLATE utf8mb4_unicode_ci,
  `author_id` int DEFAULT NULL,
  `replies_count` int NOT NULL DEFAULT '0',
  `last_reply_id` int DEFAULT NULL,
  `created_on` datetime NOT NULL,
  `updated_on` datetime NOT NULL,
  `locked` tinyint(1) DEFAULT '0',
  `sticky` int DEFAULT '0'
) ENGINE=InnoDB DEFAULT CHARSET=utf8mb4 COLLATE=utf8mb4_unicode_ci;

-- --------------------------------------------------------

--
-- Table structure for table `news`
--

CREATE TABLE `news` (
  `id` int NOT NULL,
  `project_id` int DEFAULT NULL,
  `title` varchar(60) COLLATE utf8mb4_unicode_ci NOT NULL DEFAULT '',
  `summary` varchar(255) COLLATE utf8mb4_unicode_ci DEFAULT '',
  `description` text COLLATE utf8mb4_unicode_ci,
  `author_id` int NOT NULL DEFAULT '0',
  `created_on` timestamp NULL DEFAULT NULL,
  `comments_count` int NOT NULL DEFAULT '0'
) ENGINE=InnoDB DEFAULT CHARSET=utf8mb4 COLLATE=utf8mb4_unicode_ci;

-- --------------------------------------------------------

--
-- Table structure for table `open_id_authentication_associations`
--

CREATE TABLE `open_id_authentication_associations` (
  `id` int NOT NULL,
  `issued` int DEFAULT NULL,
  `lifetime` int DEFAULT NULL,
  `handle` varchar(255) COLLATE utf8mb4_unicode_ci DEFAULT NULL,
  `assoc_type` varchar(255) COLLATE utf8mb4_unicode_ci DEFAULT NULL,
  `server_url` blob,
  `secret` blob
) ENGINE=InnoDB DEFAULT CHARSET=utf8mb4 COLLATE=utf8mb4_unicode_ci;

-- --------------------------------------------------------

--
-- Table structure for table `open_id_authentication_nonces`
--

CREATE TABLE `open_id_authentication_nonces` (
  `id` int NOT NULL,
  `timestamp` int NOT NULL,
  `server_url` varchar(255) COLLATE utf8mb4_unicode_ci DEFAULT NULL,
  `salt` varchar(255) COLLATE utf8mb4_unicode_ci NOT NULL
) ENGINE=InnoDB DEFAULT CHARSET=utf8mb4 COLLATE=utf8mb4_unicode_ci;

-- --------------------------------------------------------

--
-- Table structure for table `projects`
--

CREATE TABLE `projects` (
  `id` int NOT NULL,
  `name` varchar(255) COLLATE utf8mb4_unicode_ci NOT NULL DEFAULT '',
  `description` text COLLATE utf8mb4_unicode_ci,
  `homepage` varchar(255) COLLATE utf8mb4_unicode_ci DEFAULT '',
  `is_public` tinyint(1) NOT NULL DEFAULT '1',
  `parent_id` int DEFAULT NULL,
  `created_on` timestamp NULL DEFAULT NULL,
  `updated_on` timestamp NULL DEFAULT NULL,
  `identifier` varchar(255) COLLATE utf8mb4_unicode_ci DEFAULT NULL,
  `status` int NOT NULL DEFAULT '1',
  `lft` int DEFAULT NULL,
  `rgt` int DEFAULT NULL,
  `inherit_members` tinyint(1) NOT NULL DEFAULT '0',
  `default_version_id` int DEFAULT NULL,
  `default_assigned_to_id` int DEFAULT NULL
) ENGINE=InnoDB DEFAULT CHARSET=utf8mb4 COLLATE=utf8mb4_unicode_ci;

--
-- Dumping data for table `projects`
--

INSERT INTO `projects` (`id`, `name`, `description`, `homepage`, `is_public`, `parent_id`, `created_on`, `updated_on`, `identifier`, `status`, `lft`, `rgt`, `inherit_members`, `default_version_id`, `default_assigned_to_id`) VALUES
(1, 'WatchApp', 'Wesite bán đồng hồ', '', 0, NULL, '2021-12-20 06:25:26', '2021-12-20 06:25:26', 'watchapp', 1, 1, 6, 0, NULL, NULL),
(2, 'Admin', 'Trang admin quản lý WatchApp', '', 0, 1, '2021-12-20 07:05:09', '2021-12-20 07:05:09', 'admin', 1, 2, 3, 0, 2, NULL),
(3, 'Website User', 'Trang người dùng của dự án WatchApp', '', 1, 1, '2021-12-20 07:07:07', '2021-12-20 07:10:47', 'website-user', 1, 4, 5, 0, 3, NULL);

-- --------------------------------------------------------

--
-- Table structure for table `projects_trackers`
--

CREATE TABLE `projects_trackers` (
  `project_id` int NOT NULL DEFAULT '0',
  `tracker_id` int NOT NULL DEFAULT '0'
) ENGINE=InnoDB DEFAULT CHARSET=utf8mb4 COLLATE=utf8mb4_unicode_ci;

--
-- Dumping data for table `projects_trackers`
--

INSERT INTO `projects_trackers` (`project_id`, `tracker_id`) VALUES
(1, 1),
(1, 2),
(1, 3),
(2, 1),
(2, 2),
(2, 3),
(3, 1),
(3, 2),
(3, 3);

-- --------------------------------------------------------

--
-- Table structure for table `queries`
--

CREATE TABLE `queries` (
  `id` int NOT NULL,
  `project_id` int DEFAULT NULL,
  `name` varchar(255) COLLATE utf8mb4_unicode_ci NOT NULL DEFAULT '',
  `filters` text COLLATE utf8mb4_unicode_ci,
  `user_id` int NOT NULL DEFAULT '0',
  `column_names` text COLLATE utf8mb4_unicode_ci,
  `sort_criteria` text COLLATE utf8mb4_unicode_ci,
  `group_by` varchar(255) COLLATE utf8mb4_unicode_ci DEFAULT NULL,
  `type` varchar(255) COLLATE utf8mb4_unicode_ci DEFAULT NULL,
  `visibility` int DEFAULT '0',
  `options` text COLLATE utf8mb4_unicode_ci
) ENGINE=InnoDB DEFAULT CHARSET=utf8mb4 COLLATE=utf8mb4_unicode_ci;

--
-- Dumping data for table `queries`
--

INSERT INTO `queries` (`id`, `project_id`, `name`, `filters`, `user_id`, `column_names`, `sort_criteria`, `group_by`, `type`, `visibility`, `options`) VALUES
(1, NULL, 'Issues assigned to me', '---\nstatus_id:\n  :operator: o\n  :values:\n  - \'\'\nassigned_to_id:\n  :operator: \"=\"\n  :values:\n  - me\nproject.status:\n  :operator: \"=\"\n  :values:\n  - \'1\'\n', 0, NULL, '---\n- - priority\n  - desc\n- - updated_on\n  - desc\n', NULL, 'IssueQuery', 2, NULL),
(2, NULL, 'Reported issues', '---\nstatus_id:\n  :operator: o\n  :values:\n  - \'\'\nauthor_id:\n  :operator: \"=\"\n  :values:\n  - me\nproject.status:\n  :operator: \"=\"\n  :values:\n  - \'1\'\n', 0, NULL, '---\n- - updated_on\n  - desc\n', NULL, 'IssueQuery', 2, NULL),
(3, NULL, 'Updated issues', '---\nstatus_id:\n  :operator: o\n  :values:\n  - \'\'\nupdated_by:\n  :operator: \"=\"\n  :values:\n  - me\nproject.status:\n  :operator: \"=\"\n  :values:\n  - \'1\'\n', 0, NULL, '---\n- - updated_on\n  - desc\n', NULL, 'IssueQuery', 2, NULL),
(4, NULL, 'Watched issues', '---\nstatus_id:\n  :operator: o\n  :values:\n  - \'\'\nwatcher_id:\n  :operator: \"=\"\n  :values:\n  - me\nproject.status:\n  :operator: \"=\"\n  :values:\n  - \'1\'\n', 0, NULL, '---\n- - updated_on\n  - desc\n', NULL, 'IssueQuery', 2, NULL),
(5, NULL, 'My projects', '---\nstatus:\n  :operator: \"=\"\n  :values:\n  - \'1\'\nid:\n  :operator: \"=\"\n  :values:\n  - mine\n', 0, NULL, NULL, NULL, 'ProjectQuery', 2, NULL),
(6, NULL, 'My bookmarks', '---\nstatus:\n  :operator: \"=\"\n  :values:\n  - \'1\'\nid:\n  :operator: \"=\"\n  :values:\n  - bookmarks\n', 0, NULL, NULL, NULL, 'ProjectQuery', 2, NULL),
(7, NULL, 'Spent time', '---\nspent_on:\n  :operator: \"*\"\n  :values:\n  - \'\'\nuser_id:\n  :operator: \"=\"\n  :values:\n  - me\n', 0, NULL, '---\n- - spent_on\n  - desc\n', NULL, 'TimeEntryQuery', 2, '---\n:totalable_names:\n- :hours\n');

-- --------------------------------------------------------

--
-- Table structure for table `queries_roles`
--

CREATE TABLE `queries_roles` (
  `query_id` int NOT NULL,
  `role_id` int NOT NULL
) ENGINE=InnoDB DEFAULT CHARSET=utf8mb4 COLLATE=utf8mb4_unicode_ci;

-- --------------------------------------------------------

--
-- Table structure for table `repositories`
--

CREATE TABLE `repositories` (
  `id` int NOT NULL,
  `project_id` int NOT NULL DEFAULT '0',
  `url` varchar(255) COLLATE utf8mb4_unicode_ci NOT NULL DEFAULT '',
  `login` varchar(60) COLLATE utf8mb4_unicode_ci DEFAULT '',
  `password` varchar(255) COLLATE utf8mb4_unicode_ci DEFAULT '',
  `root_url` varchar(255) COLLATE utf8mb4_unicode_ci DEFAULT '',
  `type` varchar(255) COLLATE utf8mb4_unicode_ci DEFAULT NULL,
  `path_encoding` varchar(64) COLLATE utf8mb4_unicode_ci DEFAULT NULL,
  `log_encoding` varchar(64) COLLATE utf8mb4_unicode_ci DEFAULT NULL,
  `extra_info` longtext COLLATE utf8mb4_unicode_ci,
  `identifier` varchar(255) COLLATE utf8mb4_unicode_ci DEFAULT NULL,
  `is_default` tinyint(1) DEFAULT '0',
  `created_on` timestamp NULL DEFAULT NULL
) ENGINE=InnoDB DEFAULT CHARSET=utf8mb4 COLLATE=utf8mb4_unicode_ci;

-- --------------------------------------------------------

--
-- Table structure for table `roles`
--

CREATE TABLE `roles` (
  `id` int NOT NULL,
  `name` varchar(255) COLLATE utf8mb4_unicode_ci NOT NULL DEFAULT '',
  `position` int DEFAULT NULL,
  `assignable` tinyint(1) DEFAULT '1',
  `builtin` int NOT NULL DEFAULT '0',
  `permissions` text COLLATE utf8mb4_unicode_ci,
  `issues_visibility` varchar(30) COLLATE utf8mb4_unicode_ci NOT NULL DEFAULT 'default',
  `users_visibility` varchar(30) COLLATE utf8mb4_unicode_ci NOT NULL DEFAULT 'all',
  `time_entries_visibility` varchar(30) COLLATE utf8mb4_unicode_ci NOT NULL DEFAULT 'all',
  `all_roles_managed` tinyint(1) NOT NULL DEFAULT '1',
  `settings` text COLLATE utf8mb4_unicode_ci
) ENGINE=InnoDB DEFAULT CHARSET=utf8mb4 COLLATE=utf8mb4_unicode_ci;

--
-- Dumping data for table `roles`
--

INSERT INTO `roles` (`id`, `name`, `position`, `assignable`, `builtin`, `permissions`, `issues_visibility`, `users_visibility`, `time_entries_visibility`, `all_roles_managed`, `settings`) VALUES
(1, 'Non member', 0, 1, 1, '---\n- :view_issues\n- :add_issues\n- :add_issue_notes\n- :save_queries\n- :view_gantt\n- :view_calendar\n- :view_time_entries\n- :view_news\n- :comment_news\n- :view_documents\n- :view_wiki_pages\n- :view_wiki_edits\n- :view_messages\n- :add_messages\n- :view_files\n- :browse_repository\n- :view_changesets\n', 'default', 'all', 'all', 1, NULL),
(2, 'Anonymous', 0, 1, 2, '---\n- :view_issues\n- :view_gantt\n- :view_calendar\n- :view_time_entries\n- :view_news\n- :view_documents\n- :view_wiki_pages\n- :view_wiki_edits\n- :view_messages\n- :view_files\n- :browse_repository\n- :view_changesets\n', 'default', 'all', 'all', 1, NULL),
(3, 'Manager', 1, 1, 0, '---\n- :add_project\n- :edit_project\n- :close_project\n- :delete_project\n- :select_project_modules\n- :manage_members\n- :manage_versions\n- :add_subprojects\n- :manage_public_queries\n- :save_queries\n- :view_issues\n- :add_issues\n- :edit_issues\n- :edit_own_issues\n- :copy_issues\n- :manage_issue_relations\n- :manage_subtasks\n- :set_issues_private\n- :set_own_issues_private\n- :add_issue_notes\n- :edit_issue_notes\n- :edit_own_issue_notes\n- :view_private_notes\n- :set_notes_private\n- :delete_issues\n- :view_issue_watchers\n- :add_issue_watchers\n- :delete_issue_watchers\n- :import_issues\n- :manage_categories\n- :view_time_entries\n- :log_time\n- :edit_time_entries\n- :edit_own_time_entries\n- :manage_project_activities\n- :log_time_for_other_users\n- :import_time_entries\n- :view_news\n- :manage_news\n- :comment_news\n- :view_documents\n- :add_documents\n- :edit_documents\n- :delete_documents\n- :view_files\n- :manage_files\n- :view_wiki_pages\n- :view_wiki_edits\n- :export_wiki_pages\n- :edit_wiki_pages\n- :rename_wiki_pages\n- :delete_wiki_pages\n- :delete_wiki_pages_attachments\n- :protect_wiki_pages\n- :manage_wiki\n- :view_changesets\n- :browse_repository\n- :commit_access\n- :manage_related_issues\n- :manage_repository\n- :view_messages\n- :add_messages\n- :edit_messages\n- :edit_own_messages\n- :delete_messages\n- :delete_own_messages\n- :view_message_watchers\n- :add_message_watchers\n- :delete_message_watchers\n- :manage_boards\n- :view_calendar\n- :view_gantt\n', 'all', 'all', 'all', 1, NULL),
(4, 'Developer', 2, 1, 0, '---\n- :edit_project\n- :close_project\n- :select_project_modules\n- :manage_versions\n- :manage_public_queries\n- :save_queries\n- :view_messages\n- :add_messages\n- :edit_messages\n- :edit_own_messages\n- :view_calendar\n- :view_documents\n- :add_documents\n- :edit_documents\n- :view_files\n- :manage_files\n- :view_gantt\n- :view_issues\n- :add_issues\n- :edit_issues\n- :edit_own_issues\n- :manage_issue_relations\n- :manage_subtasks\n- :set_issues_private\n- :set_own_issues_private\n- :add_issue_notes\n- :edit_issue_notes\n- :edit_own_issue_notes\n- :view_private_notes\n- :set_notes_private\n- :add_issue_watchers\n- :manage_categories\n- :view_news\n- :comment_news\n- :view_changesets\n- :browse_repository\n- :commit_access\n- :manage_related_issues\n- :view_time_entries\n- :log_time\n- :edit_time_entries\n- :manage_project_activities\n- :log_time_for_other_users\n- :import_time_entries\n- :view_wiki_pages\n- :view_wiki_edits\n- :edit_wiki_pages\n- :delete_wiki_pages\n', 'default', 'all', 'all', 1, '--- !ruby/hash:ActiveSupport::HashWithIndifferentAccess\npermissions_all_trackers: !ruby/hash:ActiveSupport::HashWithIndifferentAccess\n  view_issues: \'1\'\n  add_issues: \'1\'\n  edit_issues: \'1\'\n  add_issue_notes: \'1\'\n  delete_issues: \'1\'\npermissions_tracker_ids: !ruby/hash:ActiveSupport::HashWithIndifferentAccess\n  view_issues: []\n  add_issues: []\n  edit_issues: []\n  add_issue_notes: []\n  delete_issues: []\n'),
(5, 'Reporter', 3, 1, 0, '---\n- :view_issues\n- :add_issues\n- :add_issue_notes\n- :save_queries\n- :view_gantt\n- :view_calendar\n- :log_time\n- :view_time_entries\n- :view_news\n- :comment_news\n- :view_documents\n- :view_wiki_pages\n- :view_wiki_edits\n- :view_messages\n- :add_messages\n- :edit_own_messages\n- :view_files\n- :browse_repository\n- :view_changesets\n', 'default', 'all', 'all', 1, NULL);

-- --------------------------------------------------------

--
-- Table structure for table `roles_managed_roles`
--

CREATE TABLE `roles_managed_roles` (
  `role_id` int NOT NULL,
  `managed_role_id` int NOT NULL
) ENGINE=InnoDB DEFAULT CHARSET=utf8mb4 COLLATE=utf8mb4_unicode_ci;

-- --------------------------------------------------------

--
-- Table structure for table `schema_migrations`
--

CREATE TABLE `schema_migrations` (
  `version` varchar(255) COLLATE utf8mb4_unicode_ci NOT NULL
) ENGINE=InnoDB DEFAULT CHARSET=utf8mb4 COLLATE=utf8mb4_unicode_ci;

--
-- Dumping data for table `schema_migrations`
--

INSERT INTO `schema_migrations` (`version`) VALUES
('1'),
('10'),
('100'),
('101'),
('102'),
('103'),
('104'),
('105'),
('106'),
('107'),
('108'),
('11'),
('12'),
('13'),
('14'),
('15'),
('16'),
('17'),
('18'),
('19'),
('2'),
('20'),
('20090214190337'),
('20090312172426'),
('20090312194159'),
('20090318181151'),
('20090323224724'),
('20090401221305'),
('20090401231134'),
('20090403001910'),
('20090406161854'),
('20090425161243'),
('20090503121501'),
('20090503121505'),
('20090503121510'),
('20090614091200'),
('20090704172350'),
('20090704172355'),
('20090704172358'),
('20091010093521'),
('20091017212227'),
('20091017212457'),
('20091017212644'),
('20091017212938'),
('20091017213027'),
('20091017213113'),
('20091017213151'),
('20091017213228'),
('20091017213257'),
('20091017213332'),
('20091017213444'),
('20091017213536'),
('20091017213642'),
('20091017213716'),
('20091017213757'),
('20091017213835'),
('20091017213910'),
('20091017214015'),
('20091017214107'),
('20091017214136'),
('20091017214236'),
('20091017214308'),
('20091017214336'),
('20091017214406'),
('20091017214440'),
('20091017214519'),
('20091017214611'),
('20091017214644'),
('20091017214720'),
('20091017214750'),
('20091025163651'),
('20091108092559'),
('20091114105931'),
('20091123212029'),
('20091205124427'),
('20091220183509'),
('20091220183727'),
('20091220184736'),
('20091225164732'),
('20091227112908'),
('20100129193402'),
('20100129193813'),
('20100221100219'),
('20100313132032'),
('20100313171051'),
('20100705164950'),
('20100819172912'),
('20101104182107'),
('20101107130441'),
('20101114115114'),
('20101114115359'),
('20110220160626'),
('20110223180944'),
('20110223180953'),
('20110224000000'),
('20110226120112'),
('20110226120132'),
('20110227125750'),
('20110228000000'),
('20110228000100'),
('20110401192910'),
('20110408103312'),
('20110412065600'),
('20110511000000'),
('20110902000000'),
('20111201201315'),
('20120115143024'),
('20120115143100'),
('20120115143126'),
('20120127174243'),
('20120205111326'),
('20120223110929'),
('20120301153455'),
('20120422150750'),
('20120705074331'),
('20120707064544'),
('20120714122000'),
('20120714122100'),
('20120714122200'),
('20120731164049'),
('20120930112914'),
('20121026002032'),
('20121026003537'),
('20121209123234'),
('20121209123358'),
('20121213084931'),
('20130110122628'),
('20130201184705'),
('20130202090625'),
('20130207175206'),
('20130207181455'),
('20130215073721'),
('20130215111127'),
('20130215111141'),
('20130217094251'),
('20130602092539'),
('20130710182539'),
('20130713104233'),
('20130713111657'),
('20130729070143'),
('20130911193200'),
('20131004113137'),
('20131005100610'),
('20131124175346'),
('20131210180802'),
('20131214094309'),
('20131215104612'),
('20131218183023'),
('20140228130325'),
('20140903143914'),
('20140920094058'),
('20141029181752'),
('20141029181824'),
('20141109112308'),
('20141122124142'),
('20150113194759'),
('20150113211532'),
('20150113213922'),
('20150113213955'),
('20150208105930'),
('20150510083747'),
('20150525103953'),
('20150526183158'),
('20150528084820'),
('20150528092912'),
('20150528093249'),
('20150725112753'),
('20150730122707'),
('20150730122735'),
('20150921204850'),
('20150921210243'),
('20151020182334'),
('20151020182731'),
('20151021184614'),
('20151021185456'),
('20151021190616'),
('20151024082034'),
('20151025072118'),
('20151031095005'),
('20160404080304'),
('20160416072926'),
('20160529063352'),
('20161001122012'),
('20161002133421'),
('20161010081301'),
('20161010081528'),
('20161010081600'),
('20161126094932'),
('20161220091118'),
('20170207050700'),
('20170302015225'),
('20170309214320'),
('20170320051650'),
('20170418090031'),
('20170419144536'),
('20170723112801'),
('20180501132547'),
('20180913072918'),
('20180923082945'),
('20180923091603'),
('20190315094151'),
('20190315102101'),
('20190510070108'),
('20190620135549'),
('20200826153401'),
('20200826153402'),
('21'),
('22'),
('23'),
('24'),
('25'),
('26'),
('27'),
('28'),
('29'),
('3'),
('30'),
('31'),
('32'),
('33'),
('34'),
('35'),
('36'),
('37'),
('38'),
('39'),
('4'),
('40'),
('41'),
('42'),
('43'),
('44'),
('45'),
('46'),
('47'),
('48'),
('49'),
('5'),
('50'),
('51'),
('52'),
('53'),
('54'),
('55'),
('56'),
('57'),
('58'),
('59'),
('6'),
('60'),
('61'),
('62'),
('63'),
('64'),
('65'),
('66'),
('67'),
('68'),
('69'),
('7'),
('70'),
('71'),
('72'),
('73'),
('74'),
('75'),
('76'),
('77'),
('78'),
('79'),
('8'),
('80'),
('81'),
('82'),
('83'),
('84'),
('85'),
('86'),
('87'),
('88'),
('89'),
('9'),
('90'),
('91'),
('92'),
('93'),
('94'),
('95'),
('96'),
('97'),
('98'),
('99');

-- --------------------------------------------------------

--
-- Table structure for table `settings`
--

CREATE TABLE `settings` (
  `id` int NOT NULL,
  `name` varchar(255) COLLATE utf8mb4_unicode_ci NOT NULL DEFAULT '',
  `value` text COLLATE utf8mb4_unicode_ci,
  `updated_on` timestamp NULL DEFAULT NULL
) ENGINE=InnoDB DEFAULT CHARSET=utf8mb4 COLLATE=utf8mb4_unicode_ci;

--
-- Dumping data for table `settings`
--

INSERT INTO `settings` (`id`, `name`, `value`, `updated_on`) VALUES
(1, 'default_projects_tracker_ids', '---\n- \'1\'\n- \'2\'\n- \'3\'\n', '2021-12-15 03:29:40');

-- --------------------------------------------------------

--
-- Table structure for table `time_entries`
--

CREATE TABLE `time_entries` (
  `id` int NOT NULL,
  `project_id` int NOT NULL,
  `author_id` int DEFAULT NULL,
  `user_id` int NOT NULL,
  `issue_id` int DEFAULT NULL,
  `hours` float NOT NULL,
  `comments` varchar(1024) COLLATE utf8mb4_unicode_ci DEFAULT NULL,
  `activity_id` int NOT NULL,
  `spent_on` date NOT NULL,
  `tyear` int NOT NULL,
  `tmonth` int NOT NULL,
  `tweek` int NOT NULL,
  `created_on` datetime NOT NULL,
  `updated_on` datetime NOT NULL
) ENGINE=InnoDB DEFAULT CHARSET=utf8mb4 COLLATE=utf8mb4_unicode_ci;

--
-- Dumping data for table `time_entries`
--

INSERT INTO `time_entries` (`id`, `project_id`, `author_id`, `user_id`, `issue_id`, `hours`, `comments`, `activity_id`, `spent_on`, `tyear`, `tmonth`, `tweek`, `created_on`, `updated_on`) VALUES
(1, 3, 5, 5, 1, 12.1667, '', 9, '2021-12-22', 2021, 12, 51, '2021-12-22 00:06:20', '2021-12-22 00:06:20');

-- --------------------------------------------------------

--
-- Table structure for table `tokens`
--

CREATE TABLE `tokens` (
  `id` int NOT NULL,
  `user_id` int NOT NULL DEFAULT '0',
  `action` varchar(30) COLLATE utf8mb4_unicode_ci NOT NULL DEFAULT '',
  `value` varchar(40) COLLATE utf8mb4_unicode_ci NOT NULL DEFAULT '',
  `created_on` datetime NOT NULL,
  `updated_on` timestamp NULL DEFAULT NULL
) ENGINE=InnoDB DEFAULT CHARSET=utf8mb4 COLLATE=utf8mb4_unicode_ci;

--
-- Dumping data for table `tokens`
--

INSERT INTO `tokens` (`id`, `user_id`, `action`, `value`, `created_on`, `updated_on`) VALUES
(2, 1, 'session', '2332267f1a642ff1246a97572e20a547d7d59d29', '2021-12-15 12:39:12', '2021-12-15 05:39:26'),
(3, 1, 'session', '9eb3a6d4bda4122e55c8afc80f51f3c276cc0cd2', '2021-12-15 14:29:49', '2021-12-15 07:29:49'),
(4, 1, 'feeds', '2ecfad2324a153e5636aa310fad888be18f57b23', '2021-12-15 14:29:49', '2021-12-15 07:29:49'),
(6, 5, 'session', '03df529f1587993a8fc3101b971a53cda10bd20f', '2021-12-20 14:01:10', '2021-12-20 07:23:55'),
(7, 5, 'feeds', 'a7a1a4065d2ba1435eac2b8dfd3c5fae2f5e1c77', '2021-12-20 14:01:10', '2021-12-20 07:01:10'),
(8, 1, 'session', '6a7ae66a2de4c559c939d0d343f1ddcbda6a903e', '2021-12-20 14:11:46', '2021-12-20 07:38:37'),
(11, 6, 'feeds', '2716622777d1a419f7e6e65ae59d8a02437ba2ac', '2021-12-21 23:42:26', '2021-12-21 16:42:26'),
(14, 10, 'feeds', '9325a2e4b852472156bb11a3c35f89d081723c63', '2021-12-21 23:56:13', '2021-12-21 16:56:13'),
(18, 5, 'session', '122527510ce3378da0e14ead1ebeb2c2c74a669f', '2021-12-22 00:14:37', '2021-12-22 02:22:31'),
(25, 1, 'session', 'b7c38d2e62970920930a7489c884ba83372ba793', '2021-12-22 14:55:51', '2021-12-22 08:03:03');

-- --------------------------------------------------------

--
-- Table structure for table `trackers`
--

CREATE TABLE `trackers` (
  `id` int NOT NULL,
  `name` varchar(30) COLLATE utf8mb4_unicode_ci NOT NULL DEFAULT '',
  `description` varchar(255) COLLATE utf8mb4_unicode_ci DEFAULT NULL,
  `is_in_chlog` tinyint(1) NOT NULL DEFAULT '0',
  `position` int DEFAULT NULL,
  `is_in_roadmap` tinyint(1) NOT NULL DEFAULT '1',
  `fields_bits` int DEFAULT '0',
  `default_status_id` int DEFAULT NULL
) ENGINE=InnoDB DEFAULT CHARSET=utf8mb4 COLLATE=utf8mb4_unicode_ci;

--
-- Dumping data for table `trackers`
--

INSERT INTO `trackers` (`id`, `name`, `description`, `is_in_chlog`, `position`, `is_in_roadmap`, `fields_bits`, `default_status_id`) VALUES
(1, 'Bug', '', 1, 1, 1, 0, 1),
(2, 'Feature', NULL, 1, 2, 1, 0, 1),
(3, 'Support', NULL, 0, 3, 0, 0, 1);

-- --------------------------------------------------------

--
-- Table structure for table `users`
--

CREATE TABLE `users` (
  `id` int NOT NULL,
  `login` varchar(255) COLLATE utf8mb4_unicode_ci NOT NULL DEFAULT '',
  `hashed_password` varchar(40) COLLATE utf8mb4_unicode_ci NOT NULL DEFAULT '',
  `firstname` varchar(30) COLLATE utf8mb4_unicode_ci NOT NULL DEFAULT '',
  `lastname` varchar(255) COLLATE utf8mb4_unicode_ci NOT NULL DEFAULT '',
  `admin` tinyint(1) NOT NULL DEFAULT '0',
  `status` int NOT NULL DEFAULT '1',
  `last_login_on` datetime DEFAULT NULL,
  `language` varchar(5) COLLATE utf8mb4_unicode_ci DEFAULT '',
  `auth_source_id` int DEFAULT NULL,
  `created_on` timestamp NULL DEFAULT NULL,
  `updated_on` timestamp NULL DEFAULT NULL,
  `type` varchar(255) COLLATE utf8mb4_unicode_ci DEFAULT NULL,
  `identity_url` varchar(255) COLLATE utf8mb4_unicode_ci DEFAULT NULL,
  `mail_notification` varchar(255) COLLATE utf8mb4_unicode_ci NOT NULL DEFAULT '',
  `salt` varchar(64) COLLATE utf8mb4_unicode_ci DEFAULT NULL,
  `must_change_passwd` tinyint(1) NOT NULL DEFAULT '0',
  `passwd_changed_on` datetime DEFAULT NULL,
  `twofa_scheme` varchar(255) COLLATE utf8mb4_unicode_ci DEFAULT NULL,
  `twofa_totp_key` varchar(255) COLLATE utf8mb4_unicode_ci DEFAULT NULL,
  `twofa_totp_last_used_at` int DEFAULT NULL
) ENGINE=InnoDB DEFAULT CHARSET=utf8mb4 COLLATE=utf8mb4_unicode_ci;

--
-- Dumping data for table `users`
--

INSERT INTO `users` (`id`, `login`, `hashed_password`, `firstname`, `lastname`, `admin`, `status`, `last_login_on`, `language`, `auth_source_id`, `created_on`, `updated_on`, `type`, `identity_url`, `mail_notification`, `salt`, `must_change_passwd`, `passwd_changed_on`, `twofa_scheme`, `twofa_totp_key`, `twofa_totp_last_used_at`) VALUES
(1, 'admin', '86b939ed9eeac947abb58de8a3740bb1c9caa088', 'Admin', 'Admin', 1, 1, '2021-12-22 14:55:51', 'en', NULL, '2021-12-15 03:29:08', '2021-12-15 05:39:12', 'User', NULL, 'all', '08d3244ae9a959c8348ea9182fd11f24', 0, '2021-12-15 12:39:12', NULL, NULL, NULL),
(2, '', '', '', 'Anonymous users', 0, 1, NULL, '', NULL, '2021-12-15 03:29:22', '2021-12-15 03:29:22', 'GroupAnonymous', NULL, '', NULL, 0, NULL, NULL, NULL, NULL),
(3, '', '', '', 'Non member users', 0, 1, NULL, '', NULL, '2021-12-15 03:29:22', '2021-12-15 03:29:22', 'GroupNonMember', NULL, '', NULL, 0, NULL, NULL, NULL, NULL),
(4, '', '', '', 'Anonymous', 0, 0, NULL, '', NULL, '2021-12-15 03:29:41', '2021-12-15 03:29:41', 'AnonymousUser', NULL, 'only_my_events', NULL, 0, NULL, NULL, NULL, NULL),
(5, 'phongphu', 'd2aef64d2237bf4db47b0c4d3366a9e997143883', 'Nguyễn', 'Phú', 0, 1, '2021-12-22 14:15:36', 'en', NULL, '2021-12-20 06:19:43', '2021-12-20 06:19:43', 'User', NULL, 'only_my_events', '408aa28e2654da04a727797fd143ec5d', 0, '2021-12-20 13:19:43', NULL, NULL, NULL),
(6, 'hoainam', '5162d2b6c3d61b4ed003b0e16c13cc8f94ef917e', 'Phạm', 'Nam', 0, 1, '2021-12-22 14:54:55', 'en', NULL, '2021-12-20 06:22:38', '2021-12-20 06:22:38', 'User', NULL, 'only_my_events', '040a2df091845908135c624f8f277de8', 0, '2021-12-20 13:22:38', NULL, NULL, NULL),
(8, '', '', '', 'Quản trị WatchApp', 0, 1, NULL, '', NULL, '2021-12-20 07:37:08', '2021-12-20 07:38:10', 'Group', NULL, '', NULL, 0, NULL, NULL, NULL, NULL),
(9, 'user1', 'bbcb7b7703d1b39a11898145136873393e2ca1b3', 'Người dùng', ' User', 0, 1, NULL, 'vi', NULL, '2021-12-21 16:51:08', '2021-12-21 16:55:34', 'User', NULL, 'only_my_events', '1719136af743ece0f06cdde0e142c12c', 0, '2021-12-21 23:51:08', NULL, NULL, NULL),
(10, 'nguoidung', 'd47e4d1252ee6a6aae00b91e75105d975e251853', 'người dùng', 'user', 0, 1, '2021-12-21 23:56:13', 'vi', NULL, '2021-12-21 16:55:00', '2021-12-21 16:55:36', 'User', NULL, 'only_my_events', '6b2807d3c516fd9244d1317c6dca4544', 0, '2021-12-21 23:55:00', NULL, NULL, NULL);

-- --------------------------------------------------------

--
-- Table structure for table `user_preferences`
--

CREATE TABLE `user_preferences` (
  `id` int NOT NULL,
  `user_id` int NOT NULL DEFAULT '0',
  `others` text COLLATE utf8mb4_unicode_ci,
  `hide_mail` tinyint(1) DEFAULT '1',
  `time_zone` varchar(255) COLLATE utf8mb4_unicode_ci DEFAULT NULL
) ENGINE=InnoDB DEFAULT CHARSET=utf8mb4 COLLATE=utf8mb4_unicode_ci;

--
-- Dumping data for table `user_preferences`
--

INSERT INTO `user_preferences` (`id`, `user_id`, `others`, `hide_mail`, `time_zone`) VALUES
(1, 1, '---\n:no_self_notified: \'1\'\n:my_page_layout:\n  left:\n  - issuesassignedtome\n  right:\n  - issuesreportedbyme\n:my_page_settings: {}\n:notify_about_high_priority_issues: \'0\'\n:comments_sorting: asc\n:warn_on_leaving_unsaved: \'1\'\n:textarea_font: \'\'\n:recently_used_projects: 3\n:history_default_tab: notes\n:toolbar_language_options: c,cpp,csharp,css,diff,go,groovy,html,java,javascript,objc,perl,php,python,r,ruby,sass,scala,shell,sql,swift,xml,yaml\n:recently_used_project_ids: \'3,2,1\'\n:activity_scope:\n- issues\n- changesets\n- news\n- documents\n- files\n- wiki_edits\n- messages\n- time_entries\n:gantt_zoom: 2\n:gantt_months: 6\n:bookmarked_project_ids: \'\'\n', 1, ''),
(2, 5, '---\n:no_self_notified: \'1\'\n:notify_about_high_priority_issues: \'0\'\n:comments_sorting: asc\n:warn_on_leaving_unsaved: \'1\'\n:textarea_font: \'\'\n:recently_used_projects: 3\n:history_default_tab: notes\n:toolbar_language_options: c,cpp,csharp,css,diff,go,groovy,html,java,javascript,objc,perl,php,python,r,ruby,sass,scala,shell,sql,swift,xml,yaml\n:my_page_layout:\n  left:\n  - issuesassignedtome\n  right:\n  - issuesreportedbyme\n:my_page_settings: {}\n:recently_used_project_ids: \'2,1,3\'\n:gantt_zoom: 2\n:gantt_months: 6\n', 1, ''),
(3, 6, '---\n:no_self_notified: \'1\'\n:notify_about_high_priority_issues: \'0\'\n:comments_sorting: asc\n:warn_on_leaving_unsaved: \'1\'\n:textarea_font: \'\'\n:recently_used_projects: 3\n:history_default_tab: notes\n:toolbar_language_options: c,cpp,csharp,css,diff,go,groovy,html,java,javascript,objc,perl,php,python,r,ruby,sass,scala,shell,sql,swift,xml,yaml\n:my_page_layout:\n  left:\n  - issuesassignedtome\n  right:\n  - issuesreportedbyme\n:my_page_settings: {}\n:recently_used_project_ids: \'2,3\'\n', 1, ''),
(4, 9, '---\n:no_self_notified: \'1\'\n:my_page_layout:\n  left:\n  - issuesassignedtome\n  right:\n  - issuesreportedbyme\n:my_page_settings: {}\n', 1, ''),
(5, 10, '---\n:no_self_notified: \'1\'\n:my_page_layout:\n  left:\n  - issuesassignedtome\n  right:\n  - issuesreportedbyme\n:my_page_settings: {}\n:recently_used_project_ids: \'3\'\n', 1, '');

-- --------------------------------------------------------

--
-- Table structure for table `versions`
--

CREATE TABLE `versions` (
  `id` int NOT NULL,
  `project_id` int NOT NULL DEFAULT '0',
  `name` varchar(255) COLLATE utf8mb4_unicode_ci NOT NULL DEFAULT '',
  `description` varchar(255) COLLATE utf8mb4_unicode_ci DEFAULT '',
  `effective_date` date DEFAULT NULL,
  `created_on` timestamp NULL DEFAULT NULL,
  `updated_on` timestamp NULL DEFAULT NULL,
  `wiki_page_title` varchar(255) COLLATE utf8mb4_unicode_ci DEFAULT NULL,
  `status` varchar(255) COLLATE utf8mb4_unicode_ci DEFAULT 'open',
  `sharing` varchar(255) COLLATE utf8mb4_unicode_ci NOT NULL DEFAULT 'none'
) ENGINE=InnoDB DEFAULT CHARSET=utf8mb4 COLLATE=utf8mb4_unicode_ci;

--
-- Dumping data for table `versions`
--

INSERT INTO `versions` (`id`, `project_id`, `name`, `description`, `effective_date`, `created_on`, `updated_on`, `wiki_page_title`, `status`, `sharing`) VALUES
(1, 1, 'version 1.0', '', '2021-12-20', '2021-12-20 07:00:37', '2021-12-20 07:00:37', '', 'open', 'system'),
(2, 2, 'version 1.0.1', 'đã được fix lỗi trang user', NULL, '2021-12-22 07:08:03', '2021-12-22 07:08:03', '', 'open', 'system'),
(3, 3, 'version 1.0.2', '', NULL, '2021-12-22 08:00:42', '2021-12-22 08:00:42', '', 'open', 'none');

-- --------------------------------------------------------

--
-- Table structure for table `watchers`
--

CREATE TABLE `watchers` (
  `id` int NOT NULL,
  `watchable_type` varchar(255) COLLATE utf8mb4_unicode_ci NOT NULL DEFAULT '',
  `watchable_id` int NOT NULL DEFAULT '0',
  `user_id` int DEFAULT NULL
) ENGINE=InnoDB DEFAULT CHARSET=utf8mb4 COLLATE=utf8mb4_unicode_ci;

--
-- Dumping data for table `watchers`
--

INSERT INTO `watchers` (`id`, `watchable_type`, `watchable_id`, `user_id`) VALUES
(3, 'Issue', 1, 5),
(4, 'Issue', 2, 1),
(5, 'Issue', 2, 5),
(6, 'Issue', 2, 6),
(7, 'Issue', 2, 8),
(8, 'Issue', 3, 1),
(9, 'Issue', 3, 5),
(10, 'Issue', 3, 6),
(11, 'Issue', 3, 8);

-- --------------------------------------------------------

--
-- Table structure for table `wikis`
--

CREATE TABLE `wikis` (
  `id` int NOT NULL,
  `project_id` int NOT NULL,
  `start_page` varchar(255) COLLATE utf8mb4_unicode_ci NOT NULL,
  `status` int NOT NULL DEFAULT '1'
) ENGINE=InnoDB DEFAULT CHARSET=utf8mb4 COLLATE=utf8mb4_unicode_ci;

--
-- Dumping data for table `wikis`
--

INSERT INTO `wikis` (`id`, `project_id`, `start_page`, `status`) VALUES
(1, 1, 'Wiki', 1),
(2, 2, 'Wiki', 1),
(3, 3, 'Wiki', 1);

-- --------------------------------------------------------

--
-- Table structure for table `wiki_contents`
--

CREATE TABLE `wiki_contents` (
  `id` int NOT NULL,
  `page_id` int NOT NULL,
  `author_id` int DEFAULT NULL,
  `text` longtext COLLATE utf8mb4_unicode_ci,
  `comments` varchar(1024) COLLATE utf8mb4_unicode_ci DEFAULT '',
  `updated_on` datetime NOT NULL,
  `version` int NOT NULL
) ENGINE=InnoDB DEFAULT CHARSET=utf8mb4 COLLATE=utf8mb4_unicode_ci;

-- --------------------------------------------------------

--
-- Table structure for table `wiki_content_versions`
--

CREATE TABLE `wiki_content_versions` (
  `id` int NOT NULL,
  `wiki_content_id` int NOT NULL,
  `page_id` int NOT NULL,
  `author_id` int DEFAULT NULL,
  `data` longblob,
  `compression` varchar(6) COLLATE utf8mb4_unicode_ci DEFAULT '',
  `comments` varchar(1024) COLLATE utf8mb4_unicode_ci DEFAULT '',
  `updated_on` datetime NOT NULL,
  `version` int NOT NULL
) ENGINE=InnoDB DEFAULT CHARSET=utf8mb4 COLLATE=utf8mb4_unicode_ci;

-- --------------------------------------------------------

--
-- Table structure for table `wiki_pages`
--

CREATE TABLE `wiki_pages` (
  `id` int NOT NULL,
  `wiki_id` int NOT NULL,
  `title` varchar(255) COLLATE utf8mb4_unicode_ci NOT NULL,
  `created_on` datetime NOT NULL,
  `protected` tinyint(1) NOT NULL DEFAULT '0',
  `parent_id` int DEFAULT NULL
) ENGINE=InnoDB DEFAULT CHARSET=utf8mb4 COLLATE=utf8mb4_unicode_ci;

-- --------------------------------------------------------

--
-- Table structure for table `wiki_redirects`
--

CREATE TABLE `wiki_redirects` (
  `id` int NOT NULL,
  `wiki_id` int NOT NULL,
  `title` varchar(255) COLLATE utf8mb4_unicode_ci DEFAULT NULL,
  `redirects_to` varchar(255) COLLATE utf8mb4_unicode_ci DEFAULT NULL,
  `created_on` datetime NOT NULL,
  `redirects_to_wiki_id` int NOT NULL
) ENGINE=InnoDB DEFAULT CHARSET=utf8mb4 COLLATE=utf8mb4_unicode_ci;

-- --------------------------------------------------------

--
-- Table structure for table `workflows`
--

CREATE TABLE `workflows` (
  `id` int NOT NULL,
  `tracker_id` int NOT NULL DEFAULT '0',
  `old_status_id` int NOT NULL DEFAULT '0',
  `new_status_id` int NOT NULL DEFAULT '0',
  `role_id` int NOT NULL DEFAULT '0',
  `assignee` tinyint(1) NOT NULL DEFAULT '0',
  `author` tinyint(1) NOT NULL DEFAULT '0',
  `type` varchar(30) COLLATE utf8mb4_unicode_ci DEFAULT NULL,
  `field_name` varchar(30) COLLATE utf8mb4_unicode_ci DEFAULT NULL,
  `rule` varchar(30) COLLATE utf8mb4_unicode_ci DEFAULT NULL
) ENGINE=InnoDB DEFAULT CHARSET=utf8mb4 COLLATE=utf8mb4_unicode_ci;

--
-- Dumping data for table `workflows`
--

INSERT INTO `workflows` (`id`, `tracker_id`, `old_status_id`, `new_status_id`, `role_id`, `assignee`, `author`, `type`, `field_name`, `rule`) VALUES
(7, 1, 2, 3, 3, 0, 0, 'WorkflowTransition', NULL, NULL),
(13, 1, 3, 4, 3, 0, 0, 'WorkflowTransition', NULL, NULL),
(17, 1, 4, 2, 3, 0, 0, 'WorkflowTransition', NULL, NULL),
(19, 1, 4, 5, 3, 0, 0, 'WorkflowTransition', NULL, NULL),
(31, 2, 1, 2, 3, 0, 0, 'WorkflowTransition', NULL, NULL),
(32, 2, 1, 3, 3, 0, 0, 'WorkflowTransition', NULL, NULL),
(33, 2, 1, 4, 3, 0, 0, 'WorkflowTransition', NULL, NULL),
(34, 2, 1, 5, 3, 0, 0, 'WorkflowTransition', NULL, NULL),
(35, 2, 1, 6, 3, 0, 0, 'WorkflowTransition', NULL, NULL),
(36, 2, 2, 1, 3, 0, 0, 'WorkflowTransition', NULL, NULL),
(37, 2, 2, 3, 3, 0, 0, 'WorkflowTransition', NULL, NULL),
(38, 2, 2, 4, 3, 0, 0, 'WorkflowTransition', NULL, NULL),
(39, 2, 2, 5, 3, 0, 0, 'WorkflowTransition', NULL, NULL),
(40, 2, 2, 6, 3, 0, 0, 'WorkflowTransition', NULL, NULL),
(41, 2, 3, 1, 3, 0, 0, 'WorkflowTransition', NULL, NULL),
(42, 2, 3, 2, 3, 0, 0, 'WorkflowTransition', NULL, NULL),
(43, 2, 3, 4, 3, 0, 0, 'WorkflowTransition', NULL, NULL),
(44, 2, 3, 5, 3, 0, 0, 'WorkflowTransition', NULL, NULL),
(45, 2, 3, 6, 3, 0, 0, 'WorkflowTransition', NULL, NULL),
(46, 2, 4, 1, 3, 0, 0, 'WorkflowTransition', NULL, NULL),
(47, 2, 4, 2, 3, 0, 0, 'WorkflowTransition', NULL, NULL),
(48, 2, 4, 3, 3, 0, 0, 'WorkflowTransition', NULL, NULL),
(49, 2, 4, 5, 3, 0, 0, 'WorkflowTransition', NULL, NULL),
(50, 2, 4, 6, 3, 0, 0, 'WorkflowTransition', NULL, NULL),
(51, 2, 5, 1, 3, 0, 0, 'WorkflowTransition', NULL, NULL),
(52, 2, 5, 2, 3, 0, 0, 'WorkflowTransition', NULL, NULL),
(53, 2, 5, 3, 3, 0, 0, 'WorkflowTransition', NULL, NULL),
(54, 2, 5, 4, 3, 0, 0, 'WorkflowTransition', NULL, NULL),
(55, 2, 5, 6, 3, 0, 0, 'WorkflowTransition', NULL, NULL),
(56, 2, 6, 1, 3, 0, 0, 'WorkflowTransition', NULL, NULL),
(57, 2, 6, 2, 3, 0, 0, 'WorkflowTransition', NULL, NULL),
(58, 2, 6, 3, 3, 0, 0, 'WorkflowTransition', NULL, NULL),
(59, 2, 6, 4, 3, 0, 0, 'WorkflowTransition', NULL, NULL),
(60, 2, 6, 5, 3, 0, 0, 'WorkflowTransition', NULL, NULL),
(61, 3, 1, 2, 3, 0, 0, 'WorkflowTransition', NULL, NULL),
(62, 3, 1, 3, 3, 0, 0, 'WorkflowTransition', NULL, NULL),
(63, 3, 1, 4, 3, 0, 0, 'WorkflowTransition', NULL, NULL),
(64, 3, 1, 5, 3, 0, 0, 'WorkflowTransition', NULL, NULL),
(65, 3, 1, 6, 3, 0, 0, 'WorkflowTransition', NULL, NULL),
(66, 3, 2, 1, 3, 0, 0, 'WorkflowTransition', NULL, NULL),
(67, 3, 2, 3, 3, 0, 0, 'WorkflowTransition', NULL, NULL),
(68, 3, 2, 4, 3, 0, 0, 'WorkflowTransition', NULL, NULL),
(69, 3, 2, 5, 3, 0, 0, 'WorkflowTransition', NULL, NULL),
(70, 3, 2, 6, 3, 0, 0, 'WorkflowTransition', NULL, NULL),
(71, 3, 3, 1, 3, 0, 0, 'WorkflowTransition', NULL, NULL),
(72, 3, 3, 2, 3, 0, 0, 'WorkflowTransition', NULL, NULL),
(73, 3, 3, 4, 3, 0, 0, 'WorkflowTransition', NULL, NULL),
(74, 3, 3, 5, 3, 0, 0, 'WorkflowTransition', NULL, NULL),
(75, 3, 3, 6, 3, 0, 0, 'WorkflowTransition', NULL, NULL),
(76, 3, 4, 1, 3, 0, 0, 'WorkflowTransition', NULL, NULL),
(77, 3, 4, 2, 3, 0, 0, 'WorkflowTransition', NULL, NULL),
(78, 3, 4, 3, 3, 0, 0, 'WorkflowTransition', NULL, NULL),
(79, 3, 4, 5, 3, 0, 0, 'WorkflowTransition', NULL, NULL),
(80, 3, 4, 6, 3, 0, 0, 'WorkflowTransition', NULL, NULL),
(81, 3, 5, 1, 3, 0, 0, 'WorkflowTransition', NULL, NULL),
(82, 3, 5, 2, 3, 0, 0, 'WorkflowTransition', NULL, NULL),
(83, 3, 5, 3, 3, 0, 0, 'WorkflowTransition', NULL, NULL),
(84, 3, 5, 4, 3, 0, 0, 'WorkflowTransition', NULL, NULL),
(85, 3, 5, 6, 3, 0, 0, 'WorkflowTransition', NULL, NULL),
(86, 3, 6, 1, 3, 0, 0, 'WorkflowTransition', NULL, NULL),
(87, 3, 6, 2, 3, 0, 0, 'WorkflowTransition', NULL, NULL),
(88, 3, 6, 3, 3, 0, 0, 'WorkflowTransition', NULL, NULL),
(89, 3, 6, 4, 3, 0, 0, 'WorkflowTransition', NULL, NULL),
(90, 3, 6, 5, 3, 0, 0, 'WorkflowTransition', NULL, NULL),
(91, 1, 1, 2, 4, 0, 0, 'WorkflowTransition', NULL, NULL),
(92, 1, 1, 3, 4, 0, 0, 'WorkflowTransition', NULL, NULL),
(93, 1, 1, 4, 4, 0, 0, 'WorkflowTransition', NULL, NULL),
(94, 1, 1, 5, 4, 0, 0, 'WorkflowTransition', NULL, NULL),
(95, 1, 2, 3, 4, 0, 0, 'WorkflowTransition', NULL, NULL),
(96, 1, 2, 4, 4, 0, 0, 'WorkflowTransition', NULL, NULL),
(97, 1, 2, 5, 4, 0, 0, 'WorkflowTransition', NULL, NULL),
(98, 1, 3, 2, 4, 0, 0, 'WorkflowTransition', NULL, NULL),
(99, 1, 3, 4, 4, 0, 0, 'WorkflowTransition', NULL, NULL),
(100, 1, 3, 5, 4, 0, 0, 'WorkflowTransition', NULL, NULL),
(101, 1, 4, 2, 4, 0, 0, 'WorkflowTransition', NULL, NULL),
(102, 1, 4, 3, 4, 0, 0, 'WorkflowTransition', NULL, NULL),
(103, 1, 4, 5, 4, 0, 0, 'WorkflowTransition', NULL, NULL),
(104, 2, 1, 2, 4, 0, 0, 'WorkflowTransition', NULL, NULL),
(105, 2, 1, 3, 4, 0, 0, 'WorkflowTransition', NULL, NULL),
(106, 2, 1, 4, 4, 0, 0, 'WorkflowTransition', NULL, NULL),
(107, 2, 1, 5, 4, 0, 0, 'WorkflowTransition', NULL, NULL),
(108, 2, 2, 3, 4, 0, 0, 'WorkflowTransition', NULL, NULL),
(109, 2, 2, 4, 4, 0, 0, 'WorkflowTransition', NULL, NULL),
(110, 2, 2, 5, 4, 0, 0, 'WorkflowTransition', NULL, NULL),
(111, 2, 3, 2, 4, 0, 0, 'WorkflowTransition', NULL, NULL),
(112, 2, 3, 4, 4, 0, 0, 'WorkflowTransition', NULL, NULL),
(113, 2, 3, 5, 4, 0, 0, 'WorkflowTransition', NULL, NULL),
(114, 2, 4, 2, 4, 0, 0, 'WorkflowTransition', NULL, NULL),
(115, 2, 4, 3, 4, 0, 0, 'WorkflowTransition', NULL, NULL),
(116, 2, 4, 5, 4, 0, 0, 'WorkflowTransition', NULL, NULL),
(117, 3, 1, 2, 4, 0, 0, 'WorkflowTransition', NULL, NULL),
(118, 3, 1, 3, 4, 0, 0, 'WorkflowTransition', NULL, NULL),
(119, 3, 1, 4, 4, 0, 0, 'WorkflowTransition', NULL, NULL),
(120, 3, 1, 5, 4, 0, 0, 'WorkflowTransition', NULL, NULL),
(121, 3, 2, 3, 4, 0, 0, 'WorkflowTransition', NULL, NULL),
(122, 3, 2, 4, 4, 0, 0, 'WorkflowTransition', NULL, NULL),
(123, 3, 2, 5, 4, 0, 0, 'WorkflowTransition', NULL, NULL),
(124, 3, 3, 2, 4, 0, 0, 'WorkflowTransition', NULL, NULL),
(125, 3, 3, 4, 4, 0, 0, 'WorkflowTransition', NULL, NULL),
(126, 3, 3, 5, 4, 0, 0, 'WorkflowTransition', NULL, NULL),
(127, 3, 4, 2, 4, 0, 0, 'WorkflowTransition', NULL, NULL),
(128, 3, 4, 3, 4, 0, 0, 'WorkflowTransition', NULL, NULL),
(129, 3, 4, 5, 4, 0, 0, 'WorkflowTransition', NULL, NULL),
(130, 1, 1, 5, 5, 0, 0, 'WorkflowTransition', NULL, NULL),
(131, 1, 2, 5, 5, 0, 0, 'WorkflowTransition', NULL, NULL),
(132, 1, 3, 5, 5, 0, 0, 'WorkflowTransition', NULL, NULL),
(133, 1, 4, 5, 5, 0, 0, 'WorkflowTransition', NULL, NULL),
(134, 1, 3, 4, 5, 0, 0, 'WorkflowTransition', NULL, NULL),
(135, 2, 1, 5, 5, 0, 0, 'WorkflowTransition', NULL, NULL),
(136, 2, 2, 5, 5, 0, 0, 'WorkflowTransition', NULL, NULL),
(137, 2, 3, 5, 5, 0, 0, 'WorkflowTransition', NULL, NULL),
(138, 2, 4, 5, 5, 0, 0, 'WorkflowTransition', NULL, NULL),
(139, 2, 3, 4, 5, 0, 0, 'WorkflowTransition', NULL, NULL),
(140, 3, 1, 5, 5, 0, 0, 'WorkflowTransition', NULL, NULL),
(141, 3, 2, 5, 5, 0, 0, 'WorkflowTransition', NULL, NULL),
(142, 3, 3, 5, 5, 0, 0, 'WorkflowTransition', NULL, NULL),
(143, 3, 4, 5, 5, 0, 0, 'WorkflowTransition', NULL, NULL),
(144, 3, 3, 4, 5, 0, 0, 'WorkflowTransition', NULL, NULL),
(145, 1, 1, 7, 3, 0, 0, 'WorkflowTransition', NULL, NULL),
(147, 1, 7, 2, 3, 0, 0, 'WorkflowTransition', NULL, NULL),
(151, 1, 7, 6, 3, 0, 0, 'WorkflowTransition', NULL, NULL),
(159, 1, 1, 0, 3, 0, 0, 'WorkflowPermission', 'project_id', 'readonly'),
(160, 1, 1, 0, 3, 0, 0, 'WorkflowPermission', 'tracker_id', 'readonly'),
(161, 1, 1, 0, 3, 0, 0, 'WorkflowPermission', 'subject', 'readonly'),
(162, 1, 1, 0, 3, 0, 0, 'WorkflowPermission', 'priority_id', 'readonly'),
(163, 1, 1, 0, 3, 0, 0, 'WorkflowPermission', 'is_private', 'readonly'),
(164, 1, 1, 0, 3, 0, 0, 'WorkflowPermission', 'assigned_to_id', 'required'),
(165, 1, 1, 0, 3, 0, 0, 'WorkflowPermission', 'category_id', 'required'),
(166, 1, 1, 0, 3, 0, 0, 'WorkflowPermission', 'fixed_version_id', 'required'),
(167, 1, 1, 0, 3, 0, 0, 'WorkflowPermission', 'parent_issue_id', 'required'),
(168, 1, 1, 0, 3, 0, 0, 'WorkflowPermission', 'start_date', 'required'),
(169, 1, 1, 0, 3, 0, 0, 'WorkflowPermission', 'due_date', 'required'),
(170, 1, 1, 0, 3, 0, 0, 'WorkflowPermission', 'estimated_hours', 'required'),
(171, 1, 1, 0, 3, 0, 0, 'WorkflowPermission', 'done_ratio', 'required'),
(172, 1, 1, 0, 3, 0, 0, 'WorkflowPermission', 'description', 'required'),
(173, 1, 7, 0, 3, 0, 0, 'WorkflowPermission', 'project_id', 'readonly'),
(174, 1, 7, 0, 3, 0, 0, 'WorkflowPermission', 'assigned_to_id', 'required'),
(175, 1, 7, 0, 3, 0, 0, 'WorkflowPermission', 'category_id', 'required'),
(176, 1, 7, 0, 3, 0, 0, 'WorkflowPermission', 'fixed_version_id', 'required'),
(177, 1, 7, 0, 3, 0, 0, 'WorkflowPermission', 'parent_issue_id', 'required'),
(178, 1, 7, 0, 3, 0, 0, 'WorkflowPermission', 'start_date', 'required'),
(179, 1, 7, 0, 3, 0, 0, 'WorkflowPermission', 'due_date', 'required'),
(180, 1, 7, 0, 3, 0, 0, 'WorkflowPermission', 'estimated_hours', 'required'),
(181, 1, 7, 0, 3, 0, 0, 'WorkflowPermission', 'done_ratio', 'required'),
(182, 1, 7, 0, 3, 0, 0, 'WorkflowPermission', 'description', 'required'),
(183, 1, 2, 0, 3, 0, 0, 'WorkflowPermission', 'project_id', 'readonly'),
(184, 1, 2, 0, 3, 0, 0, 'WorkflowPermission', 'tracker_id', 'readonly'),
(185, 1, 2, 0, 3, 0, 0, 'WorkflowPermission', 'assigned_to_id', 'required'),
(186, 1, 2, 0, 3, 0, 0, 'WorkflowPermission', 'category_id', 'required'),
(187, 1, 2, 0, 3, 0, 0, 'WorkflowPermission', 'fixed_version_id', 'required'),
(188, 1, 2, 0, 3, 0, 0, 'WorkflowPermission', 'parent_issue_id', 'required'),
(189, 1, 2, 0, 3, 0, 0, 'WorkflowPermission', 'start_date', 'required'),
(190, 1, 2, 0, 3, 0, 0, 'WorkflowPermission', 'due_date', 'required'),
(191, 1, 2, 0, 3, 0, 0, 'WorkflowPermission', 'estimated_hours', 'required'),
(192, 1, 2, 0, 3, 0, 0, 'WorkflowPermission', 'done_ratio', 'required'),
(193, 1, 2, 0, 3, 0, 0, 'WorkflowPermission', 'description', 'required'),
(194, 1, 3, 0, 3, 0, 0, 'WorkflowPermission', 'assigned_to_id', 'required'),
(195, 1, 3, 0, 3, 0, 0, 'WorkflowPermission', 'category_id', 'required'),
(196, 1, 3, 0, 3, 0, 0, 'WorkflowPermission', 'fixed_version_id', 'required'),
(197, 1, 3, 0, 3, 0, 0, 'WorkflowPermission', 'parent_issue_id', 'required'),
(198, 1, 3, 0, 3, 0, 0, 'WorkflowPermission', 'start_date', 'required'),
(199, 1, 3, 0, 3, 0, 0, 'WorkflowPermission', 'due_date', 'required'),
(200, 1, 3, 0, 3, 0, 0, 'WorkflowPermission', 'estimated_hours', 'required'),
(201, 1, 3, 0, 3, 0, 0, 'WorkflowPermission', 'done_ratio', 'required'),
(202, 1, 3, 0, 3, 0, 0, 'WorkflowPermission', 'description', 'required'),
(203, 1, 4, 0, 3, 0, 0, 'WorkflowPermission', 'assigned_to_id', 'required'),
(204, 1, 4, 0, 3, 0, 0, 'WorkflowPermission', 'category_id', 'required'),
(205, 1, 4, 0, 3, 0, 0, 'WorkflowPermission', 'fixed_version_id', 'required'),
(206, 1, 4, 0, 3, 0, 0, 'WorkflowPermission', 'parent_issue_id', 'required'),
(207, 1, 4, 0, 3, 0, 0, 'WorkflowPermission', 'start_date', 'required'),
(208, 1, 4, 0, 3, 0, 0, 'WorkflowPermission', 'due_date', 'required'),
(209, 1, 4, 0, 3, 0, 0, 'WorkflowPermission', 'estimated_hours', 'required'),
(210, 1, 4, 0, 3, 0, 0, 'WorkflowPermission', 'done_ratio', 'required'),
(211, 1, 4, 0, 3, 0, 0, 'WorkflowPermission', 'description', 'required'),
(212, 1, 5, 0, 3, 0, 0, 'WorkflowPermission', 'assigned_to_id', 'required'),
(213, 1, 5, 0, 3, 0, 0, 'WorkflowPermission', 'category_id', 'required'),
(214, 1, 5, 0, 3, 0, 0, 'WorkflowPermission', 'fixed_version_id', 'required'),
(215, 1, 5, 0, 3, 0, 0, 'WorkflowPermission', 'parent_issue_id', 'required'),
(216, 1, 5, 0, 3, 0, 0, 'WorkflowPermission', 'start_date', 'required'),
(217, 1, 5, 0, 3, 0, 0, 'WorkflowPermission', 'due_date', 'required'),
(218, 1, 5, 0, 3, 0, 0, 'WorkflowPermission', 'estimated_hours', 'required'),
(219, 1, 5, 0, 3, 0, 0, 'WorkflowPermission', 'done_ratio', 'required'),
(220, 1, 5, 0, 3, 0, 0, 'WorkflowPermission', 'description', 'required'),
(221, 1, 6, 0, 3, 0, 0, 'WorkflowPermission', 'assigned_to_id', 'required'),
(222, 1, 6, 0, 3, 0, 0, 'WorkflowPermission', 'category_id', 'required'),
(223, 1, 6, 0, 3, 0, 0, 'WorkflowPermission', 'fixed_version_id', 'required'),
(224, 1, 6, 0, 3, 0, 0, 'WorkflowPermission', 'parent_issue_id', 'required'),
(225, 1, 6, 0, 3, 0, 0, 'WorkflowPermission', 'start_date', 'required'),
(226, 1, 6, 0, 3, 0, 0, 'WorkflowPermission', 'due_date', 'required'),
(227, 1, 6, 0, 3, 0, 0, 'WorkflowPermission', 'estimated_hours', 'required'),
(228, 1, 6, 0, 3, 0, 0, 'WorkflowPermission', 'done_ratio', 'required'),
(229, 1, 6, 0, 3, 0, 0, 'WorkflowPermission', 'description', 'required');

--
-- Indexes for dumped tables
--

--
-- Indexes for table `ar_internal_metadata`
--
ALTER TABLE `ar_internal_metadata`
  ADD PRIMARY KEY (`key`);

--
-- Indexes for table `attachments`
--
ALTER TABLE `attachments`
  ADD PRIMARY KEY (`id`),
  ADD KEY `index_attachments_on_author_id` (`author_id`),
  ADD KEY `index_attachments_on_created_on` (`created_on`),
  ADD KEY `index_attachments_on_container_id_and_container_type` (`container_id`,`container_type`),
  ADD KEY `index_attachments_on_disk_filename` (`disk_filename`);

--
-- Indexes for table `auth_sources`
--
ALTER TABLE `auth_sources`
  ADD PRIMARY KEY (`id`),
  ADD KEY `index_auth_sources_on_id_and_type` (`id`,`type`);

--
-- Indexes for table `boards`
--
ALTER TABLE `boards`
  ADD PRIMARY KEY (`id`),
  ADD KEY `boards_project_id` (`project_id`),
  ADD KEY `index_boards_on_last_message_id` (`last_message_id`);

--
-- Indexes for table `changes`
--
ALTER TABLE `changes`
  ADD PRIMARY KEY (`id`),
  ADD KEY `changesets_changeset_id` (`changeset_id`);

--
-- Indexes for table `changesets`
--
ALTER TABLE `changesets`
  ADD PRIMARY KEY (`id`),
  ADD UNIQUE KEY `changesets_repos_rev` (`repository_id`,`revision`),
  ADD KEY `index_changesets_on_user_id` (`user_id`),
  ADD KEY `index_changesets_on_repository_id` (`repository_id`),
  ADD KEY `index_changesets_on_committed_on` (`committed_on`),
  ADD KEY `changesets_repos_scmid` (`repository_id`,`scmid`);

--
-- Indexes for table `changesets_issues`
--
ALTER TABLE `changesets_issues`
  ADD UNIQUE KEY `changesets_issues_ids` (`changeset_id`,`issue_id`),
  ADD KEY `index_changesets_issues_on_issue_id` (`issue_id`);

--
-- Indexes for table `changeset_parents`
--
ALTER TABLE `changeset_parents`
  ADD KEY `changeset_parents_changeset_ids` (`changeset_id`),
  ADD KEY `changeset_parents_parent_ids` (`parent_id`);

--
-- Indexes for table `comments`
--
ALTER TABLE `comments`
  ADD PRIMARY KEY (`id`),
  ADD KEY `index_comments_on_commented_id_and_commented_type` (`commented_id`,`commented_type`),
  ADD KEY `index_comments_on_author_id` (`author_id`);

--
-- Indexes for table `custom_fields`
--
ALTER TABLE `custom_fields`
  ADD PRIMARY KEY (`id`),
  ADD KEY `index_custom_fields_on_id_and_type` (`id`,`type`);

--
-- Indexes for table `custom_fields_projects`
--
ALTER TABLE `custom_fields_projects`
  ADD UNIQUE KEY `index_custom_fields_projects_on_custom_field_id_and_project_id` (`custom_field_id`,`project_id`);

--
-- Indexes for table `custom_fields_roles`
--
ALTER TABLE `custom_fields_roles`
  ADD UNIQUE KEY `custom_fields_roles_ids` (`custom_field_id`,`role_id`);

--
-- Indexes for table `custom_fields_trackers`
--
ALTER TABLE `custom_fields_trackers`
  ADD UNIQUE KEY `index_custom_fields_trackers_on_custom_field_id_and_tracker_id` (`custom_field_id`,`tracker_id`);

--
-- Indexes for table `custom_field_enumerations`
--
ALTER TABLE `custom_field_enumerations`
  ADD PRIMARY KEY (`id`);

--
-- Indexes for table `custom_values`
--
ALTER TABLE `custom_values`
  ADD PRIMARY KEY (`id`),
  ADD KEY `custom_values_customized` (`customized_type`,`customized_id`),
  ADD KEY `index_custom_values_on_custom_field_id` (`custom_field_id`);

--
-- Indexes for table `documents`
--
ALTER TABLE `documents`
  ADD PRIMARY KEY (`id`),
  ADD KEY `documents_project_id` (`project_id`),
  ADD KEY `index_documents_on_category_id` (`category_id`),
  ADD KEY `index_documents_on_created_on` (`created_on`);

--
-- Indexes for table `email_addresses`
--
ALTER TABLE `email_addresses`
  ADD PRIMARY KEY (`id`),
  ADD KEY `index_email_addresses_on_user_id` (`user_id`);

--
-- Indexes for table `enabled_modules`
--
ALTER TABLE `enabled_modules`
  ADD PRIMARY KEY (`id`),
  ADD KEY `enabled_modules_project_id` (`project_id`);

--
-- Indexes for table `enumerations`
--
ALTER TABLE `enumerations`
  ADD PRIMARY KEY (`id`),
  ADD KEY `index_enumerations_on_project_id` (`project_id`),
  ADD KEY `index_enumerations_on_id_and_type` (`id`,`type`);

--
-- Indexes for table `groups_users`
--
ALTER TABLE `groups_users`
  ADD UNIQUE KEY `groups_users_ids` (`group_id`,`user_id`);

--
-- Indexes for table `imports`
--
ALTER TABLE `imports`
  ADD PRIMARY KEY (`id`);

--
-- Indexes for table `import_items`
--
ALTER TABLE `import_items`
  ADD PRIMARY KEY (`id`),
  ADD KEY `index_import_items_on_import_id_and_unique_id` (`import_id`,`unique_id`);

--
-- Indexes for table `issues`
--
ALTER TABLE `issues`
  ADD PRIMARY KEY (`id`),
  ADD KEY `issues_project_id` (`project_id`),
  ADD KEY `index_issues_on_status_id` (`status_id`),
  ADD KEY `index_issues_on_category_id` (`category_id`),
  ADD KEY `index_issues_on_assigned_to_id` (`assigned_to_id`),
  ADD KEY `index_issues_on_fixed_version_id` (`fixed_version_id`),
  ADD KEY `index_issues_on_tracker_id` (`tracker_id`),
  ADD KEY `index_issues_on_priority_id` (`priority_id`),
  ADD KEY `index_issues_on_author_id` (`author_id`),
  ADD KEY `index_issues_on_created_on` (`created_on`),
  ADD KEY `index_issues_on_root_id_and_lft_and_rgt` (`root_id`,`lft`,`rgt`),
  ADD KEY `index_issues_on_parent_id` (`parent_id`);

--
-- Indexes for table `issue_categories`
--
ALTER TABLE `issue_categories`
  ADD PRIMARY KEY (`id`),
  ADD KEY `issue_categories_project_id` (`project_id`),
  ADD KEY `index_issue_categories_on_assigned_to_id` (`assigned_to_id`);

--
-- Indexes for table `issue_relations`
--
ALTER TABLE `issue_relations`
  ADD PRIMARY KEY (`id`),
  ADD UNIQUE KEY `index_issue_relations_on_issue_from_id_and_issue_to_id` (`issue_from_id`,`issue_to_id`),
  ADD KEY `index_issue_relations_on_issue_from_id` (`issue_from_id`),
  ADD KEY `index_issue_relations_on_issue_to_id` (`issue_to_id`);

--
-- Indexes for table `issue_statuses`
--
ALTER TABLE `issue_statuses`
  ADD PRIMARY KEY (`id`),
  ADD KEY `index_issue_statuses_on_position` (`position`),
  ADD KEY `index_issue_statuses_on_is_closed` (`is_closed`);

--
-- Indexes for table `journals`
--
ALTER TABLE `journals`
  ADD PRIMARY KEY (`id`),
  ADD KEY `journals_journalized_id` (`journalized_id`,`journalized_type`),
  ADD KEY `index_journals_on_user_id` (`user_id`),
  ADD KEY `index_journals_on_journalized_id` (`journalized_id`),
  ADD KEY `index_journals_on_created_on` (`created_on`);

--
-- Indexes for table `journal_details`
--
ALTER TABLE `journal_details`
  ADD PRIMARY KEY (`id`),
  ADD KEY `journal_details_journal_id` (`journal_id`);

--
-- Indexes for table `members`
--
ALTER TABLE `members`
  ADD PRIMARY KEY (`id`),
  ADD UNIQUE KEY `index_members_on_user_id_and_project_id` (`user_id`,`project_id`),
  ADD KEY `index_members_on_user_id` (`user_id`),
  ADD KEY `index_members_on_project_id` (`project_id`);

--
-- Indexes for table `member_roles`
--
ALTER TABLE `member_roles`
  ADD PRIMARY KEY (`id`),
  ADD KEY `index_member_roles_on_member_id` (`member_id`),
  ADD KEY `index_member_roles_on_role_id` (`role_id`),
  ADD KEY `index_member_roles_on_inherited_from` (`inherited_from`);

--
-- Indexes for table `messages`
--
ALTER TABLE `messages`
  ADD PRIMARY KEY (`id`),
  ADD KEY `messages_board_id` (`board_id`),
  ADD KEY `messages_parent_id` (`parent_id`),
  ADD KEY `index_messages_on_last_reply_id` (`last_reply_id`),
  ADD KEY `index_messages_on_author_id` (`author_id`),
  ADD KEY `index_messages_on_created_on` (`created_on`);

--
-- Indexes for table `news`
--
ALTER TABLE `news`
  ADD PRIMARY KEY (`id`),
  ADD KEY `news_project_id` (`project_id`),
  ADD KEY `index_news_on_author_id` (`author_id`),
  ADD KEY `index_news_on_created_on` (`created_on`);

--
-- Indexes for table `open_id_authentication_associations`
--
ALTER TABLE `open_id_authentication_associations`
  ADD PRIMARY KEY (`id`);

--
-- Indexes for table `open_id_authentication_nonces`
--
ALTER TABLE `open_id_authentication_nonces`
  ADD PRIMARY KEY (`id`);

--
-- Indexes for table `projects`
--
ALTER TABLE `projects`
  ADD PRIMARY KEY (`id`),
  ADD KEY `index_projects_on_lft` (`lft`),
  ADD KEY `index_projects_on_rgt` (`rgt`);

--
-- Indexes for table `projects_trackers`
--
ALTER TABLE `projects_trackers`
  ADD UNIQUE KEY `projects_trackers_unique` (`project_id`,`tracker_id`),
  ADD KEY `projects_trackers_project_id` (`project_id`);

--
-- Indexes for table `queries`
--
ALTER TABLE `queries`
  ADD PRIMARY KEY (`id`),
  ADD KEY `index_queries_on_project_id` (`project_id`),
  ADD KEY `index_queries_on_user_id` (`user_id`);

--
-- Indexes for table `queries_roles`
--
ALTER TABLE `queries_roles`
  ADD UNIQUE KEY `queries_roles_ids` (`query_id`,`role_id`);

--
-- Indexes for table `repositories`
--
ALTER TABLE `repositories`
  ADD PRIMARY KEY (`id`),
  ADD KEY `index_repositories_on_project_id` (`project_id`);

--
-- Indexes for table `roles`
--
ALTER TABLE `roles`
  ADD PRIMARY KEY (`id`);

--
-- Indexes for table `roles_managed_roles`
--
ALTER TABLE `roles_managed_roles`
  ADD UNIQUE KEY `index_roles_managed_roles_on_role_id_and_managed_role_id` (`role_id`,`managed_role_id`);

--
-- Indexes for table `schema_migrations`
--
ALTER TABLE `schema_migrations`
  ADD PRIMARY KEY (`version`);

--
-- Indexes for table `settings`
--
ALTER TABLE `settings`
  ADD PRIMARY KEY (`id`),
  ADD KEY `index_settings_on_name` (`name`);

--
-- Indexes for table `time_entries`
--
ALTER TABLE `time_entries`
  ADD PRIMARY KEY (`id`),
  ADD KEY `time_entries_project_id` (`project_id`),
  ADD KEY `time_entries_issue_id` (`issue_id`),
  ADD KEY `index_time_entries_on_activity_id` (`activity_id`),
  ADD KEY `index_time_entries_on_user_id` (`user_id`),
  ADD KEY `index_time_entries_on_created_on` (`created_on`);

--
-- Indexes for table `tokens`
--
ALTER TABLE `tokens`
  ADD PRIMARY KEY (`id`),
  ADD UNIQUE KEY `tokens_value` (`value`),
  ADD KEY `index_tokens_on_user_id` (`user_id`);

--
-- Indexes for table `trackers`
--
ALTER TABLE `trackers`
  ADD PRIMARY KEY (`id`);

--
-- Indexes for table `users`
--
ALTER TABLE `users`
  ADD PRIMARY KEY (`id`),
  ADD KEY `index_users_on_id_and_type` (`id`,`type`),
  ADD KEY `index_users_on_auth_source_id` (`auth_source_id`),
  ADD KEY `index_users_on_type` (`type`);

--
-- Indexes for table `user_preferences`
--
ALTER TABLE `user_preferences`
  ADD PRIMARY KEY (`id`),
  ADD KEY `index_user_preferences_on_user_id` (`user_id`);

--
-- Indexes for table `versions`
--
ALTER TABLE `versions`
  ADD PRIMARY KEY (`id`),
  ADD KEY `versions_project_id` (`project_id`),
  ADD KEY `index_versions_on_sharing` (`sharing`);

--
-- Indexes for table `watchers`
--
ALTER TABLE `watchers`
  ADD PRIMARY KEY (`id`),
  ADD KEY `watchers_user_id_type` (`user_id`,`watchable_type`),
  ADD KEY `index_watchers_on_user_id` (`user_id`),
  ADD KEY `index_watchers_on_watchable_id_and_watchable_type` (`watchable_id`,`watchable_type`);

--
-- Indexes for table `wikis`
--
ALTER TABLE `wikis`
  ADD PRIMARY KEY (`id`),
  ADD KEY `wikis_project_id` (`project_id`);

--
-- Indexes for table `wiki_contents`
--
ALTER TABLE `wiki_contents`
  ADD PRIMARY KEY (`id`),
  ADD KEY `wiki_contents_page_id` (`page_id`),
  ADD KEY `index_wiki_contents_on_author_id` (`author_id`);

--
-- Indexes for table `wiki_content_versions`
--
ALTER TABLE `wiki_content_versions`
  ADD PRIMARY KEY (`id`),
  ADD KEY `wiki_content_versions_wcid` (`wiki_content_id`),
  ADD KEY `index_wiki_content_versions_on_updated_on` (`updated_on`);

--
-- Indexes for table `wiki_pages`
--
ALTER TABLE `wiki_pages`
  ADD PRIMARY KEY (`id`),
  ADD KEY `wiki_pages_wiki_id_title` (`wiki_id`,`title`),
  ADD KEY `index_wiki_pages_on_wiki_id` (`wiki_id`),
  ADD KEY `index_wiki_pages_on_parent_id` (`parent_id`);

--
-- Indexes for table `wiki_redirects`
--
ALTER TABLE `wiki_redirects`
  ADD PRIMARY KEY (`id`),
  ADD KEY `wiki_redirects_wiki_id_title` (`wiki_id`,`title`),
  ADD KEY `index_wiki_redirects_on_wiki_id` (`wiki_id`);

--
-- Indexes for table `workflows`
--
ALTER TABLE `workflows`
  ADD PRIMARY KEY (`id`),
  ADD KEY `wkfs_role_tracker_old_status` (`role_id`,`tracker_id`,`old_status_id`),
  ADD KEY `index_workflows_on_old_status_id` (`old_status_id`),
  ADD KEY `index_workflows_on_role_id` (`role_id`),
  ADD KEY `index_workflows_on_new_status_id` (`new_status_id`),
  ADD KEY `index_workflows_on_tracker_id` (`tracker_id`);

--
-- AUTO_INCREMENT for dumped tables
--

--
-- AUTO_INCREMENT for table `attachments`
--
ALTER TABLE `attachments`
  MODIFY `id` int NOT NULL AUTO_INCREMENT, AUTO_INCREMENT=9;

--
-- AUTO_INCREMENT for table `auth_sources`
--
ALTER TABLE `auth_sources`
  MODIFY `id` int NOT NULL AUTO_INCREMENT;

--
-- AUTO_INCREMENT for table `boards`
--
ALTER TABLE `boards`
  MODIFY `id` int NOT NULL AUTO_INCREMENT;

--
-- AUTO_INCREMENT for table `changes`
--
ALTER TABLE `changes`
  MODIFY `id` int NOT NULL AUTO_INCREMENT;

--
-- AUTO_INCREMENT for table `changesets`
--
ALTER TABLE `changesets`
  MODIFY `id` int NOT NULL AUTO_INCREMENT;

--
-- AUTO_INCREMENT for table `comments`
--
ALTER TABLE `comments`
  MODIFY `id` int NOT NULL AUTO_INCREMENT;

--
-- AUTO_INCREMENT for table `custom_fields`
--
ALTER TABLE `custom_fields`
  MODIFY `id` int NOT NULL AUTO_INCREMENT;

--
-- AUTO_INCREMENT for table `custom_field_enumerations`
--
ALTER TABLE `custom_field_enumerations`
  MODIFY `id` int NOT NULL AUTO_INCREMENT;

--
-- AUTO_INCREMENT for table `custom_values`
--
ALTER TABLE `custom_values`
  MODIFY `id` int NOT NULL AUTO_INCREMENT;

--
-- AUTO_INCREMENT for table `documents`
--
ALTER TABLE `documents`
  MODIFY `id` int NOT NULL AUTO_INCREMENT;

--
-- AUTO_INCREMENT for table `email_addresses`
--
ALTER TABLE `email_addresses`
  MODIFY `id` int NOT NULL AUTO_INCREMENT, AUTO_INCREMENT=6;

--
-- AUTO_INCREMENT for table `enabled_modules`
--
ALTER TABLE `enabled_modules`
  MODIFY `id` int NOT NULL AUTO_INCREMENT, AUTO_INCREMENT=31;

--
-- AUTO_INCREMENT for table `enumerations`
--
ALTER TABLE `enumerations`
  MODIFY `id` int NOT NULL AUTO_INCREMENT, AUTO_INCREMENT=10;

--
-- AUTO_INCREMENT for table `imports`
--
ALTER TABLE `imports`
  MODIFY `id` int NOT NULL AUTO_INCREMENT;

--
-- AUTO_INCREMENT for table `import_items`
--
ALTER TABLE `import_items`
  MODIFY `id` int NOT NULL AUTO_INCREMENT;

--
-- AUTO_INCREMENT for table `issues`
--
ALTER TABLE `issues`
  MODIFY `id` int NOT NULL AUTO_INCREMENT, AUTO_INCREMENT=4;

--
-- AUTO_INCREMENT for table `issue_categories`
--
ALTER TABLE `issue_categories`
  MODIFY `id` int NOT NULL AUTO_INCREMENT;

--
-- AUTO_INCREMENT for table `issue_relations`
--
ALTER TABLE `issue_relations`
  MODIFY `id` int NOT NULL AUTO_INCREMENT;

--
-- AUTO_INCREMENT for table `issue_statuses`
--
ALTER TABLE `issue_statuses`
  MODIFY `id` int NOT NULL AUTO_INCREMENT, AUTO_INCREMENT=8;

--
-- AUTO_INCREMENT for table `journals`
--
ALTER TABLE `journals`
  MODIFY `id` int NOT NULL AUTO_INCREMENT, AUTO_INCREMENT=10;

--
-- AUTO_INCREMENT for table `journal_details`
--
ALTER TABLE `journal_details`
  MODIFY `id` int NOT NULL AUTO_INCREMENT, AUTO_INCREMENT=10;

--
-- AUTO_INCREMENT for table `members`
--
ALTER TABLE `members`
  MODIFY `id` int NOT NULL AUTO_INCREMENT, AUTO_INCREMENT=17;

--
-- AUTO_INCREMENT for table `member_roles`
--
ALTER TABLE `member_roles`
  MODIFY `id` int NOT NULL AUTO_INCREMENT, AUTO_INCREMENT=26;

--
-- AUTO_INCREMENT for table `messages`
--
ALTER TABLE `messages`
  MODIFY `id` int NOT NULL AUTO_INCREMENT;

--
-- AUTO_INCREMENT for table `news`
--
ALTER TABLE `news`
  MODIFY `id` int NOT NULL AUTO_INCREMENT;

--
-- AUTO_INCREMENT for table `open_id_authentication_associations`
--
ALTER TABLE `open_id_authentication_associations`
  MODIFY `id` int NOT NULL AUTO_INCREMENT;

--
-- AUTO_INCREMENT for table `open_id_authentication_nonces`
--
ALTER TABLE `open_id_authentication_nonces`
  MODIFY `id` int NOT NULL AUTO_INCREMENT;

--
-- AUTO_INCREMENT for table `projects`
--
ALTER TABLE `projects`
  MODIFY `id` int NOT NULL AUTO_INCREMENT, AUTO_INCREMENT=4;

--
-- AUTO_INCREMENT for table `queries`
--
ALTER TABLE `queries`
  MODIFY `id` int NOT NULL AUTO_INCREMENT, AUTO_INCREMENT=8;

--
-- AUTO_INCREMENT for table `repositories`
--
ALTER TABLE `repositories`
  MODIFY `id` int NOT NULL AUTO_INCREMENT;

--
-- AUTO_INCREMENT for table `roles`
--
ALTER TABLE `roles`
  MODIFY `id` int NOT NULL AUTO_INCREMENT, AUTO_INCREMENT=7;

--
-- AUTO_INCREMENT for table `settings`
--
ALTER TABLE `settings`
  MODIFY `id` int NOT NULL AUTO_INCREMENT, AUTO_INCREMENT=2;

--
-- AUTO_INCREMENT for table `time_entries`
--
ALTER TABLE `time_entries`
  MODIFY `id` int NOT NULL AUTO_INCREMENT, AUTO_INCREMENT=2;

--
-- AUTO_INCREMENT for table `tokens`
--
ALTER TABLE `tokens`
  MODIFY `id` int NOT NULL AUTO_INCREMENT, AUTO_INCREMENT=26;

--
-- AUTO_INCREMENT for table `trackers`
--
ALTER TABLE `trackers`
  MODIFY `id` int NOT NULL AUTO_INCREMENT, AUTO_INCREMENT=4;

--
-- AUTO_INCREMENT for table `users`
--
ALTER TABLE `users`
  MODIFY `id` int NOT NULL AUTO_INCREMENT, AUTO_INCREMENT=11;

--
-- AUTO_INCREMENT for table `user_preferences`
--
ALTER TABLE `user_preferences`
  MODIFY `id` int NOT NULL AUTO_INCREMENT, AUTO_INCREMENT=6;

--
-- AUTO_INCREMENT for table `versions`
--
ALTER TABLE `versions`
  MODIFY `id` int NOT NULL AUTO_INCREMENT, AUTO_INCREMENT=4;

--
-- AUTO_INCREMENT for table `watchers`
--
ALTER TABLE `watchers`
  MODIFY `id` int NOT NULL AUTO_INCREMENT, AUTO_INCREMENT=12;

--
-- AUTO_INCREMENT for table `wikis`
--
ALTER TABLE `wikis`
  MODIFY `id` int NOT NULL AUTO_INCREMENT, AUTO_INCREMENT=4;

--
-- AUTO_INCREMENT for table `wiki_contents`
--
ALTER TABLE `wiki_contents`
  MODIFY `id` int NOT NULL AUTO_INCREMENT;

--
-- AUTO_INCREMENT for table `wiki_content_versions`
--
ALTER TABLE `wiki_content_versions`
  MODIFY `id` int NOT NULL AUTO_INCREMENT;

--
-- AUTO_INCREMENT for table `wiki_pages`
--
ALTER TABLE `wiki_pages`
  MODIFY `id` int NOT NULL AUTO_INCREMENT;

--
-- AUTO_INCREMENT for table `wiki_redirects`
--
ALTER TABLE `wiki_redirects`
  MODIFY `id` int NOT NULL AUTO_INCREMENT;

--
-- AUTO_INCREMENT for table `workflows`
--
ALTER TABLE `workflows`
  MODIFY `id` int NOT NULL AUTO_INCREMENT, AUTO_INCREMENT=230;
COMMIT;

/*!40101 SET CHARACTER_SET_CLIENT=@OLD_CHARACTER_SET_CLIENT */;
/*!40101 SET CHARACTER_SET_RESULTS=@OLD_CHARACTER_SET_RESULTS */;
/*!40101 SET COLLATION_CONNECTION=@OLD_COLLATION_CONNECTION */;
